Time, trainValue,dayCos~DayCosFactorReferenceConfiguration~0~0~1.0~false,daySin~DaySinFactorReferenceConfiguration~0~0~1.0~false,temp_shift_1~ApparentTemReferenceConfiguration~1~0~1.0~false~telaviv,temperature~ApparentTemReferenceConfiguration~0~0~1.0~false~telaviv,weekCos~WeekCosFactorReferenceConfiguration~0~0~1.0~false,weekSin~WeekSinFactorReferenceConfiguration~0~0~1.0~false,yearCos~YearCosFactorReferenceConfiguration~0~0~1.0~false,yearSin~YearSinFactorReferenceConfiguration~0~0~1.0~false
2024-12-28T00:00+02:00[Asia/Jerusalem],4032858.333,0.866025403789534,-0.499999999991174,8.11687812628293,13.21875,-0.149042266175044,0.988830826225299,0.985464815919939,0.169879653236871
2024-12-28T00:30+02:00[Asia/Jerusalem],3869405,0.923879532511392,-0.382683432364835,7.89279031415015,12.9499998092651,-0.167506223304263,0.985871018518316,0.985403828727632,0.170233058860269
2024-12-28T01:00+02:00[Asia/Jerusalem],3730634.167,0.96592582629034,-0.258819045097775,7.57767757900905,12.6500000357628,-0.185911607163094,0.982566473233254,0.985342714797638,0.170586442589147
2024-12-28T01:30+02:00[Asia/Jerusalem],3690400.833,0.991444861373158,-0.130526192225011,7.41853373703511,12.3562499284744,-0.204251981790507,0.978918345897476,0.985281474137828,0.170939804377998
2024-12-28T02:00+02:00[Asia/Jerusalem],3679063.333,1,-0.00000000000036482726,7.35778910949208,12.1562501192093,-0.222520933954237,0.974927912182298,0.985220106756059,0.171293144181487
2024-12-28T02:30+02:00[Asia/Jerusalem],3629626.667,0.991444861375152,0.13052619220986,7.5840231989388,12.0500001907349,-0.240712075407548,0.970596567453744,0.985158612660243,0.171646461954057
2024-12-28T03:00+02:00[Asia/Jerusalem],3580723.333,0.965925826290529,0.25881904509707,7.75416474806761,11.9437498450279,-0.258819045101742,0.965925826289277,0.985096991858269,0.171999757650378
2024-12-28T03:30+02:00[Asia/Jerusalem],3547147.5,0.92387953251724,0.382683432350716,7.79913206219169,11.7000002264977,-0.276835511424711,0.960917321945139,0.985035244358083,0.172353031224899
2024-12-28T04:00+02:00[Asia/Jerusalem],3566817.5,0.866025403789899,0.499999999990543,7.76267898524335,11.456249833107,-0.294755174407924,0.95557280578706,0.984973370167607,0.172706282632296
2024-12-28T04:30+02:00[Asia/Jerusalem],3583515.833,0.793353340303919,0.608761428992191,7.71262630859158,11.3499999046326,-0.312571767943311,0.949894146673614,0.984911369294818,0.173059511827023
2024-12-28T05:00+02:00[Asia/Jerusalem],3658470.833,0.707106781187712,0.707106781185383,7.79335723058665,11.25,-0.330279061956907,0.943883330307759,0.98484924174766,0.173412718763817
2024-12-28T05:30+02:00[Asia/Jerusalem],3717223.333,0.608761429006348,0.793353340293056,7.72942702486678,11.1500000953674,-0.347870864584166,0.937542458544393,0.984786987534165,0.173765903397028
2024-12-28T06:00+02:00[Asia/Jerusalem],3726500,0.499999999993394,0.866025403788252,7.64939499752786,11.1000003814697,-0.365341024365958,0.930873748644376,0.984724606662308,0.174119065681397
2024-12-28T06:30+02:00[Asia/Jerusalem],3674243.333,0.382683432367203,0.923879532510411,7.51474690916528,11.1500000953674,-0.382683432365268,0.923879532511213,0.984662099140123,0.174472205571448
2024-12-28T07:00+02:00[Asia/Jerusalem],3809270.833,0.258819045100251,0.965925826289676,7.75496146483382,11.3062497377396,-0.399892024320525,0.916562255869634,0.98459946497566,0.174825323021705
2024-12-28T07:30+02:00[Asia/Jerusalem],4045625,0.130526192227552,0.991444861372823,10.5562501549721,11.6062498688698,-0.416960782759401,0.908924477413095,0.984536704176954,0.175178417986864
2024-12-28T08:00+02:00[Asia/Jerusalem],4316665,0.00000000000292817141,1,11.5500001907349,12.1124998927116,-0.433883739116245,0.900968867903052,0.984473816752097,0.1755314904214
2024-12-28T08:30+02:00[Asia/Jerusalem],4676665,-0.130526192207318,0.991444861375487,12.543750166893,12.9000000953674,-0.450654975799235,0.89269820924397,0.984410802709158,0.175884540280014
2024-12-28T09:00+02:00[Asia/Jerusalem],4957619.167,-0.258819045094594,0.965925826291192,13.3937500715256,13.6937498450279,-0.467268628272945,0.884115393504672,0.98434766205626,0.176237567517186
2024-12-28T09:30+02:00[Asia/Jerusalem],5122531.667,-0.382683432348348,0.923879532518221,14.0999999642372,14.4000000357628,-0.483718887102519,0.875223421910257,0.984284394801505,0.176590572087625
2024-12-28T10:00+02:00[Asia/Jerusalem],5283041.667,-0.500000000000925,0.866025403783905,14.6937502622604,15.0499997735024,-0.500000000001032,0.866025403783843,0.98422100095304,0.176943553945872
2024-12-28T10:30+02:00[Asia/Jerusalem],5410585.833,-0.608761429013247,0.793353340287762,15.0500001907349,15.5999999046326,-0.516106273809095,0.856524555476894,0.984157480519018,0.177296513046529
2024-12-28T11:00+02:00[Asia/Jerusalem],5455110.833,-0.707106781183571,0.707106781189524,15.3374999165535,16.0937502980232,-0.532032076514387,0.846724199228881,0.98409383350762,0.177649449344144
2024-12-28T11:30+02:00[Asia/Jerusalem],5461664.167,-0.793353340291495,0.608761429008382,15.456249833107,16.5,-0.547771839217488,0.836627762006671,0.98403005992701,0.178002362793435
2024-12-28T12:00+02:00[Asia/Jerusalem],5456919.167,-0.866025403779695,0.500000000008217,15.7000002264977,16.793749332428,-0.56332005806379,0.82623877431588,0.983966159785411,0.178355253348902
2024-12-28T12:30+02:00[Asia/Jerusalem],5375566.667,-0.92387953250943,0.382683432369571,15.9499998688698,16.8999996185303,-0.578671296180512,0.815560868958759,0.983902133091022,0.178708120965269
2024-12-28T13:00+02:00[Asia/Jerusalem],5339172.5,-0.965925826289013,0.258819045102727,16.0375001430511,16.9437497854233,-0.593820185571804,0.804597779767921,0.983837979852087,0.179060965597096
2024-12-28T13:30+02:00[Asia/Jerusalem],5247666.667,-0.991444861372488,0.130526192230093,15.7999997735023,16.8499994277954,-0.608761429007573,0.793353340292116,0.983773700076868,0.179413787198946
2024-12-28T14:00+02:00[Asia/Jerusalem],5233810.833,-1,0.00000000000549151556,15.6062503457069,16.7999992370605,-0.62348980185812,0.781831482468519,0.983709293773612,0.179766585725552
2024-12-28T14:30+02:00[Asia/Jerusalem],5151433.333,-0.991444861375821,-0.130526192204777,15.6000003814697,16.75,-0.638000153930113,0.770036235241662,0.983644760950622,0.180119361131428
2024-12-28T15:00+02:00[Asia/Jerusalem],5019270.833,-0.965925826291856,-0.258819045092118,15.543750166893,16.6437505483627,-0.652287411275773,0.757971723147474,0.983580101616178,0.180472113371313
2024-12-28T15:30+02:00[Asia/Jerusalem],4928787.5,-0.923879532508065,-0.382683432372868,15.2937497496605,16.4437499046326,-0.666346577952901,0.745642164882364,0.983515315778607,0.180824842399783
2024-12-28T16:00+02:00[Asia/Jerusalem],4925255,-0.866025403785186,-0.499999999998705,14.7875001430511,16.043750166893,-0.680172737772287,0.733051871828558,0.983450403446241,0.18117754817147
2024-12-28T16:30+02:00[Asia/Jerusalem],5024122.5,-0.793353340289323,-0.608761429011213,14,15.4500002264977,-0.693761056027742,0.720205246536897,0.983385364627439,0.181530230640957
2024-12-28T17:00+02:00[Asia/Jerusalem],5166917.5,-0.707106781191337,-0.707106781181758,13.2624999880791,14.9000000953674,-0.707106781186231,0.707106781186864,0.983320199330545,0.181882889762993
2024-12-28T17:30+02:00[Asia/Jerusalem],5350383.333,-0.608761429010415,-0.793353340289935,12.7999997735024,14.3562499284744,-0.720205246536275,0.693761056028387,0.983254907563961,0.182235525492111
2024-12-28T18:00+02:00[Asia/Jerusalem],5460139.167,-0.500000000010437,-0.866025403778413,12.4062500596046,13.9000000953674,-0.733051871830423,0.680172737770277,0.983189489336065,0.182588137783067
2024-12-28T18:30+02:00[Asia/Jerusalem],5463345,-0.382683432371939,-0.92387953250845,12.1500000953674,13.5500001907349,-0.745642164881767,0.666346577953569,0.983123944655279,0.182940726590456
2024-12-28T19:00+02:00[Asia/Jerusalem],5419795,-0.258819045119259,-0.965925826284583,12.1124999523163,13.2000002264977,-0.757971723144516,0.65228741127921,0.983058273530045,0.183293291868872
2024-12-28T19:30+02:00[Asia/Jerusalem],5371028.333,-0.130526192232635,-0.991444861372154,12.4062500596046,12.7999997735024,-0.770036235238769,0.638000153933604,0.982992475968788,0.183645833573082
2024-12-28T20:00+02:00[Asia/Jerusalem],5306590,-0.00000000000805485971,-1,12.6874998211861,12.456249833107,-0.781831482465692,0.623489801861665,0.982926551979991,0.183998351657632
2024-12-28T20:30+02:00[Asia/Jerusalem],5256293.333,0.13052619223109,-0.991444861372357,12.6999998092651,12.25,-0.793353340291571,0.608761429008283,0.982860501572102,0.184350846077352
2024-12-28T21:00+02:00[Asia/Jerusalem],5187139.167,0.258819045103698,-0.965925826288753,12.6999998092651,12.1062503457069,-0.804597779767389,0.593820185572525,0.982794324753658,0.18470331678668
2024-12-28T21:30+02:00[Asia/Jerusalem],5082746.667,0.3826834323705,-0.923879532509046,12.75,12.0937503576279,-0.815560868960346,0.578671296178276,0.982728021533139,0.185055763740453
2024-12-28T22:00+02:00[Asia/Jerusalem],5004280,0.499999999996485,-0.866025403786468,12.793750166893,12,-0.826238774315375,0.56332005806453,0.982661591919093,0.185408186893228
2024-12-28T22:30+02:00[Asia/Jerusalem],4862280.833,0.608761429009179,-0.793353340290883,12.706249833107,11.8999996781349,-0.83662776200618,0.547771839218237,0.982595035920043,0.18576058619979
2024-12-28T23:00+02:00[Asia/Jerusalem],4666550,0.707106781179946,-0.707106781193149,12.7562499642372,11.75,-0.846724199228404,0.532032076515146,0.98252835354457,0.186112961614703
2024-12-28T23:30+02:00[Asia/Jerusalem],4424596.667,0.793353340288374,-0.608761429012449,12.9624998569489,11.5812500119209,-0.856524555476432,0.516106273809862,0.98246154480123,0.186465313092759
2024-12-29T00:00+02:00[Asia/Jerusalem],4236968.333,0.866025403777131,-0.500000000012656,13.21875,12.481250166893,-0.866025403783395,0.500000000001808,0.982394609698636,0.186817640588528
2024-12-29T00:30+02:00[Asia/Jerusalem],4025769.167,0.923879532507469,-0.382683432374308,12.9499998092651,12.5937503576279,-0.875223421908064,0.483718887106487,0.982327548245376,0.187169944056807
2024-12-29T01:00+02:00[Asia/Jerusalem],3856184.167,0.96592582628392,-0.258819045121735,12.6500000357628,12.5500001907349,-0.884115393504253,0.467268628273737,0.982260360450086,0.187522223452229
2024-12-29T01:30+02:00[Asia/Jerusalem],3800858.333,0.991444861373719,-0.130526192220749,12.3562499284744,12.4437498450279,-0.892698209243566,0.450654975800035,0.982193046321406,0.187874478729485
2024-12-29T02:00+02:00[Asia/Jerusalem],3689705.833,1,0.00000000000393371137,12.1562501192093,12.25,-0.900968867902663,0.433883739117052,0.982125605867995,0.188226709843271
2024-12-29T02:30+02:00[Asia/Jerusalem],3604620,0.991444861372692,0.130526192228549,12.0500001907349,12.1000003218651,-0.908924477412721,0.416960782760215,0.982058039098538,0.188578916748227
2024-12-29T03:00+02:00[Asia/Jerusalem],3542317.5,0.965925826289416,0.258819045101222,11.9437498450279,12.0125000476837,-0.916562255869276,0.399892024321346,0.981990346021702,0.188931099399167
2024-12-29T03:30+02:00[Asia/Jerusalem],3522032.5,0.923879532510027,0.382683432368132,11.7000002264977,12.1000003218651,-0.92387953251087,0.382683432366096,0.981922526646216,0.189283257750684
2024-12-29T04:00+02:00[Asia/Jerusalem],3558695,0.86602540378775,0.499999999994265,11.456249833107,12.1375001072884,-0.930873748644049,0.365341024366792,0.98185458098078,0.189635391757595
2024-12-29T04:30+02:00[Asia/Jerusalem],3614702.5,0.793353340292444,0.608761429007146,11.3499999046326,11.9499998688698,-0.937542458544081,0.347870864585006,0.981786509034156,0.1899875013745
2024-12-29T05:00+02:00[Asia/Jerusalem],3670081.667,0.707106781194962,0.707106781178133,11.25,11.8062501549721,-0.943883330307463,0.330279061957753,0.981718310815076,0.190339586556223
2024-12-29T05:30+02:00[Asia/Jerusalem],3733142.5,0.608761429014483,0.793353340286814,11.1500000953674,11.8000001907349,-0.949894146672197,0.312571767947617,0.981649986332334,0.19069164725737
2024-12-29T06:00+02:00[Asia/Jerusalem],3952630,0.500000000014876,0.86602540377585,11.1000003814697,11.8499999046326,-0.955572805785724,0.294755174412256,0.981581535594695,0.191043683432772
2024-12-29T06:30+02:00[Asia/Jerusalem],4133442.5,0.382683432376676,0.923879532506488,11.1500000953674,11.8999996185303,-0.960917321944891,0.276835511425572,0.981512958610974,0.191395695037095
2024-12-29T07:00+02:00[Asia/Jerusalem],4412471.667,0.258819045096099,0.965925826290789,11.3062497377396,12.0124999880791,-0.965925826289045,0.258819045102607,0.981444255389991,0.191747682025067
2024-12-29T07:30+02:00[Asia/Jerusalem],4668165.833,0.13052619222329,0.991444861373384,11.6062498688698,12.4562502503395,-0.970596567453529,0.240712075408417,0.981375425940582,0.192099644351416
2024-12-29T08:00+02:00[Asia/Jerusalem],4895504.167,-0.00000000000137036721,1,12.1124998927116,13.1062499284744,-0.974927912182099,0.22252093395511,0.981306470271612,0.192451581970819
2024-12-29T08:30+02:00[Asia/Jerusalem],5079698.333,-0.13052619221158,0.991444861374926,12.9000000953674,13.9000000953674,-0.978918345897293,0.204251981791384,0.981237388391925,0.192803494838122
2024-12-29T09:00+02:00[Asia/Jerusalem],5303570,-0.258819045098746,0.96592582629008,13.6937498450279,14.6999998688698,-0.982566473233088,0.185911607163974,0.981168180310431,0.193155382907954
2024-12-29T09:30+02:00[Asia/Jerusalem],5401541.667,-0.382683432365764,0.923879532511008,14.4000000357628,15.5,-0.985871018518166,0.167506223305146,0.981098846036007,0.193507246135167
2024-12-29T10:00+02:00[Asia/Jerusalem],5376191.667,-0.499999999992045,0.866025403789031,15.0499997735024,16.2437500357628,-0.988830826225165,0.14904226617593,0.981029385577593,0.193859084474396
2024-12-29T10:30+02:00[Asia/Jerusalem],5338463.333,-0.608761429005112,0.793353340294004,15.5999999046326,16.8500002622604,-0.991444861373454,0.130526192222757,0.980959798944101,0.194210897880499
2024-12-29T11:00+02:00[Asia/Jerusalem],5255931.667,-0.707106781176321,0.707106781196775,16.0937502980232,17.2812492847443,-0.993712209893011,0.111964476105361,0.980890086144502,0.194562686308117
2024-12-29T11:30+02:00[Asia/Jerusalem],5199955.833,-0.793353340285253,0.608761429016516,16.5,17.25,-0.995632078941003,0.0933636084543483,0.980820247187742,0.194914449712117
2024-12-29T12:00+02:00[Asia/Jerusalem],5275859.167,-0.86602540378912,0.499999999991892,16.793749332428,17.2000007629395,-0.997203797181125,0.0747300935871635,0.980750282082801,0.195266188047256
2024-12-29T12:30+02:00[Asia/Jerusalem],5223088.333,-0.923879532511075,0.3826834323656,16.8999996185303,17.2000007629395,-0.998426815017812,0.0560704472372705,0.980680190838712,0.195617901268128
2024-12-29T13:00+02:00[Asia/Jerusalem],5190730,-0.965925826290126,0.258819045098575,16.9437497854233,17.2000007629395,-0.99930070478842,0.0373911942757425,0.980609973464457,0.195969589329664
2024-12-29T13:30+02:00[Asia/Jerusalem],5146886.667,-0.991444861373049,0.130526192225832,16.8499994277954,17.1500005722046,-0.99982516091277,0.0186988664296565,0.980539629969088,0.196321252186522
2024-12-29T14:00+02:00[Asia/Jerusalem],5031813.333,-1,0.00000000000119297694,16.7999992370605,17.043750166893,-1,0.00000000000172955905,0.980469160361631,0.196672889793583
2024-12-29T14:30+02:00[Asia/Jerusalem],5190640.833,-0.99144486137526,-0.130526192209039,16.75,16.8499995470047,-0.999825160912766,-0.0186988664298353,0.980398564651171,0.19702450210551
2024-12-29T15:00+02:00[Asia/Jerusalem],5242402.5,-0.965925826290743,-0.25881904509627,16.6437505483627,16.6437504291534,-0.999300704788414,-0.0373911942759212,0.980327842846765,0.197376089077192
2024-12-29T15:30+02:00[Asia/Jerusalem],5221000.833,-0.923879532517557,-0.382683432349951,16.4437499046326,16.3000001907349,-0.998426815017802,-0.0560704472374491,0.980256994957533,0.197727650663298
2024-12-29T16:00+02:00[Asia/Jerusalem],5316330,-0.866025403790313,-0.499999999989825,16.043750166893,15.8437499403954,-0.997203797181383,-0.0747300935837141,0.980186020992563,0.198079186818724
2024-12-29T16:30+02:00[Asia/Jerusalem],5469030.833,-0.793353340295564,-0.608761429003079,15.4500002264977,15.1999998092651,-0.995632078941326,-0.0933636084509043,0.980114920961007,0.198430697498144
2024-12-29T17:00+02:00[Asia/Jerusalem],5655126.667,-0.707106781178008,-0.707106781195087,14.9000000953674,14.4937499761581,-0.993712209892991,-0.111964476105539,0.980043694871974,0.198782182656517
2024-12-29T17:30+02:00[Asia/Jerusalem],5756985.833,-0.608761429007005,-0.793353340292552,14.3562499284744,13.6937498450279,-0.991444861373906,-0.130526192219327,0.97997234273466,0.19913364224847
2024-12-29T18:00+02:00[Asia/Jerusalem],5764040.833,-0.499999999994112,-0.866025403787838,13.9000000953674,12.8624998927116,-0.988830826225139,-0.149042266176107,0.979900864558242,0.199485076228799
2024-12-29T18:30+02:00[Asia/Jerusalem],5746322.5,-0.382683432367968,-0.923879532510095,13.5500001907349,12.25,-0.985871018518136,-0.167506223305322,0.97982926035189,0.199836484552417
2024-12-29T19:00+02:00[Asia/Jerusalem],5720403.333,-0.258819045101051,-0.965925826289462,13.2000002264977,11.8187502026558,-0.982566473233054,-0.185911607164149,0.979757530124836,0.200187867174014
2024-12-29T19:30+02:00[Asia/Jerusalem],5687843.333,-0.130526192228373,-0.991444861372715,12.7999997735024,11.8562499284744,-0.978918345898,-0.204251981787998,0.979685673886283,0.200539224048511
2024-12-29T20:00+02:00[Asia/Jerusalem],5625520,-0.00000000000375632109,-1,12.456249833107,11.9437497854233,-0.974927912182059,-0.222520933955285,0.979613691645496,0.200890555130604
2024-12-29T20:30+02:00[Asia/Jerusalem],5562027.5,0.130526192206497,-0.991444861375595,12.25,11.8437498807907,-0.970596567453486,-0.240712075408591,0.97954158341171,0.201241860375221
2024-12-29T21:00+02:00[Asia/Jerusalem],5461847.5,0.258819045093794,-0.965925826291407,12.1062503457069,11.6999998688698,-0.96592582628994,-0.258819045099266,0.979469349194222,0.201593139737065
2024-12-29T21:30+02:00[Asia/Jerusalem],5347085.833,0.382683432347583,-0.923879532518538,12.0937503576279,11.5562501549721,-0.960917321945849,-0.276835511422248,0.979396989002299,0.20194439317107
2024-12-29T22:00+02:00[Asia/Jerusalem],5200539.167,0.499999999987605,-0.866025403791595,12,11.4499998092651,-0.955572805786743,-0.29475517440895,0.97932450284527,0.202295620631945
2024-12-29T22:30+02:00[Asia/Jerusalem],5024513.333,0.60876142901259,-0.793353340288266,11.8999996781349,11.3499999046326,-0.949894146672141,-0.312571767947787,0.979251890732425,0.202646822074687
2024-12-29T23:00+02:00[Asia/Jerusalem],4787826.667,0.707106781193275,-0.70710678117982,11.75,11.25,-0.943883330308605,-0.330279061954488,0.979179152673137,0.202997997453958
2024-12-29T23:30+02:00[Asia/Jerusalem],4512128.333,0.793353340290991,-0.608761429009039,11.5812500119209,11.1562500596046,-0.937542458544019,-0.347870864585173,0.979106288676761,0.203349146724591
2024-12-30T00:00+02:00[Asia/Jerusalem],4245492.5,0.866025403786557,-0.499999999996332,12.481250166893,11.1874998807907,-0.930873748643983,-0.365341024366958,0.979033298752645,0.203700269841534
2024-12-30T00:30+02:00[Asia/Jerusalem],3989802.5,0.923879532509114,-0.382683432370336,12.5937503576279,11.1062503457069,-0.923879532512194,-0.3826834323629,0.9789601829102,0.204051366759518
2024-12-30T01:00+02:00[Asia/Jerusalem],3834549.167,0.965925826288799,-0.258819045103527,12.5500001907349,11.1562501192093,-0.916562255870659,-0.399892024318175,0.978886941158807,0.204402437433496
2024-12-30T01:30+02:00[Asia/Jerusalem],3702750.833,0.99144486137238,-0.130526192230915,12.4437498450279,11.3000001311302,-0.908924477412647,-0.416960782760378,0.978813573507908,0.204753481818205
2024-12-30T02:00+02:00[Asia/Jerusalem],3629711.667,1,-0.00000000000631966524,12.25,11.2874997854233,-0.900968867902585,-0.433883739117213,0.978740079966918,0.205104499868607
2024-12-30T02:30+02:00[Asia/Jerusalem],3591208.333,0.991444861375929,0.130526192203956,12.1000003218651,11,-0.892698209245125,-0.450654975796947,0.97866646054531,0.205455491539443
2024-12-30T03:00+02:00[Asia/Jerusalem],3599840.833,0.96592582629207,0.258819045091318,12.0125000476837,10.75,-0.88411539350587,-0.467268628270678,0.978592715252532,0.205806456785682
2024-12-30T03:30+02:00[Asia/Jerusalem],3592655,0.923879532508382,0.382683432372103,12.1000003218651,10.5500001311302,-0.875223421907978,-0.483718887106644,0.978518844098078,0.20615739556213
2024-12-30T04:00+02:00[Asia/Jerusalem],3628460,0.8660254037856,0.499999999997988,12.1375001072884,10.3999996781349,-0.866025403783305,-0.500000000001963,0.978444847091451,0.206508307823649
2024-12-30T04:30+02:00[Asia/Jerusalem],3610836.667,0.793353340289827,0.608761429010556,11.9499998688698,10.2562499642372,-0.856524555478217,-0.516106273806899,0.978370724242178,0.206859193525053
2024-12-30T05:00+02:00[Asia/Jerusalem],3765445,0.707106781191922,0.707106781181173,11.8062501549721,10.25,-0.846724199228309,-0.532032076515297,0.97829647555977,0.207210052621323
2024-12-30T05:30+02:00[Asia/Jerusalem],3928400,0.608761429011072,0.793353340289431,11.8000001907349,10.3562499284744,-0.836627762006082,-0.547771839218387,0.978222101053788,0.207560885067278
2024-12-30T06:00+02:00[Asia/Jerusalem],4073096.667,0.499999999998551,0.866025403785275,11.8499999046326,10.4437497854233,-0.826238774317324,-0.563320058061672,0.97814760073381,0.20791169081774
2024-12-30T06:30+02:00[Asia/Jerusalem],4186714.167,0.382683432372704,0.923879532508133,11.8999996185303,10.3499999046326,-0.815560868960242,-0.578671296178422,0.978072974609393,0.208262469827701
2024-12-30T07:00+02:00[Asia/Jerusalem],4535785.833,0.258819045106003,0.965925826288135,12.0124999880791,10.4125000834465,-0.804597779767283,-0.593820185572669,0.977998222690159,0.208613222051935
2024-12-30T07:30+02:00[Asia/Jerusalem],4851207.5,0.130526192233456,0.991444861372046,12.4562502503395,10.8499999046326,-0.793353340291462,-0.608761429008425,0.977923344985699,0.208963947445441
2024-12-30T08:00+02:00[Asia/Jerusalem],5093747.5,0.00000000000888300939,1,13.1062499284744,11.2999997735024,-0.781831482470117,-0.623489801856116,0.977848341505668,0.209314645962999
2024-12-30T08:30+02:00[Asia/Jerusalem],5408346.667,-0.130526192230269,0.991444861372465,13.9000000953674,11.7000002264977,-0.770036235238655,-0.638000153933742,0.977773212259675,0.20966531755967
2024-12-30T09:00+02:00[Asia/Jerusalem],5617325,-0.258819045102898,0.965925826288967,14.6999998688698,12.1562501192093,-0.7579717231444,-0.652287411279345,0.977697957257431,0.210015962190131
2024-12-30T09:30+02:00[Asia/Jerusalem],5652660,-0.382683432369735,0.923879532509363,15.5,12.8000001907349,-0.745642164884072,-0.666346577950989,0.97762257650858,0.210366579809451
2024-12-30T10:00+02:00[Asia/Jerusalem],5645255,-0.499999999995768,0.866025403786882,16.2437500357628,13.4000000953674,-0.733051871830301,-0.680172737770408,0.97754707002284,0.210717170372423
2024-12-30T10:30+02:00[Asia/Jerusalem],5729173.333,-0.608761429008522,0.793353340291387,16.8500002622604,13.8937500715256,-0.720205246536151,-0.693761056028516,0.977471437809899,0.211067733834068
2024-12-30T11:00+02:00[Asia/Jerusalem],5795477.5,-0.70710678117936,0.707106781193735,17.2812492847443,14.2375000119209,-0.707106781186104,-0.707106781186991,0.977395679879496,0.211418270149242
2024-12-30T11:30+02:00[Asia/Jerusalem],5930413.333,-0.79335334028787,0.608761429013106,17.25,14.3062501549721,-0.693761056030233,-0.720205246534497,0.977319796241387,0.211768779272806
2024-12-30T12:00+02:00[Asia/Jerusalem],6095865.833,-0.866025403776717,0.500000000013374,17.2000007629395,14.3437499403954,-0.680172737772156,-0.733051871828679,0.977243786905307,0.21211926115979
2024-12-30T12:30+02:00[Asia/Jerusalem],6102126.667,-0.923879532507152,0.382683432375073,17.2000007629395,14.3000001907349,-0.666346577952767,-0.745642164882483,0.977167651881057,0.212469715765005
2024-12-30T13:00+02:00[Asia/Jerusalem],6060233.333,-0.965925826283706,0.258819045122535,17.2000007629395,14.293750166893,-0.652287411278395,-0.757971723145217,0.977091391178404,0.212820143043489
2024-12-30T13:30+02:00[Asia/Jerusalem],6145508.333,-0.991444861371711,0.130526192235997,17.1500005722046,14.206249833107,-0.638000153935578,-0.770036235237134,0.977015004807181,0.21317054295006
2024-12-30T14:00+02:00[Asia/Jerusalem],6227289.167,-1,-0.00000000000310556168,17.043750166893,14.2562499642372,-0.62348980185798,-0.78183148246863,0.976938492777176,0.21352091543982
2024-12-30T14:30+02:00[Asia/Jerusalem],6164473.333,-0.9914448613728,-0.130526192227728,16.8499995470047,14.3937496542931,-0.608761429007431,-0.793353340292225,0.976861855098279,0.213871260467481
2024-12-30T15:00+02:00[Asia/Jerusalem],6107179.167,-0.965925826289631,-0.258819045100422,16.6437504291534,14.3374999165535,-0.593820185574588,-0.804597779765867,0.976785091780309,0.214221577988152
2024-12-30T15:30+02:00[Asia/Jerusalem],6122420.833,-0.923879532510343,-0.382683432367367,16.3000001907349,13.9500002861023,-0.578671296180366,-0.815560868958862,0.976708202833163,0.214571867956665
2024-12-30T16:00+02:00[Asia/Jerusalem],6101764.167,-0.866025403788164,-0.499999999993548,15.8437499403954,13.3875001072884,-0.563320058063643,-0.826238774315981,0.976631188266707,0.214922130328079
2024-12-30T16:30+02:00[Asia/Jerusalem],6182938.333,-0.793353340292948,-0.608761429006489,15.1999998092651,12.5999999046326,-0.547771839217338,-0.836627762006769,0.97655404809087,0.215272365057233
2024-12-30T17:00+02:00[Asia/Jerusalem],6305204.167,-0.707106781195548,-0.707106781177547,14.4937499761581,11.9687498211861,-0.532032076517316,-0.84672419922704,0.976476782315549,0.215622572099194
2024-12-30T17:30+02:00[Asia/Jerusalem],6369295.833,-0.60876142901514,-0.79335334028631,13.6937498450279,11.7562499642372,-0.516106273808942,-0.856524555476987,0.976399390950694,0.215972751408864
2024-12-30T18:00+02:00[Asia/Jerusalem],6371041.667,-0.500000000015594,-0.866025403775436,12.8624998927116,11.6999998092651,-0.500000000000877,-0.866025403783932,0.97632187400627,0.216322902941148
2024-12-30T18:30+02:00[Asia/Jerusalem],6350251.667,-0.382683432377441,-0.923879532506171,12.25,11.6937498450279,-0.483718887105547,-0.875223421908584,0.976244231492223,0.216673026651124
2024-12-30T19:00+02:00[Asia/Jerusalem],6296293.333,-0.258819045096899,-0.965925826290575,11.8187502026558,11.543750166893,-0.467268628272786,-0.884115393504755,0.976166463418551,0.217023122493705
2024-12-30T19:30+02:00[Asia/Jerusalem],6230372.5,-0.130526192209684,-0.991444861375175,11.8562499284744,11.2000002264977,-0.450654975799076,-0.89269820924405,0.976088569795257,0.217373190423863
2024-12-30T20:00+02:00[Asia/Jerusalem],6135713.333,0.00000000000054221753,-1,11.9437497854233,10.8624999523163,-0.433883739116084,-0.900968867903129,0.976010550632371,0.217723230396518
2024-12-30T20:30+02:00[Asia/Jerusalem],6029094.167,0.130526192225187,-0.991444861373134,11.8437498807907,10.75,-0.416960782762545,-0.908924477411652,0.975932405939903,0.218073242366762
2024-12-30T21:00+02:00[Asia/Jerusalem],5894490,0.258819045097946,-0.965925826290294,11.6999998688698,10.6999998092651,-0.399892024320361,-0.916562255869706,0.975854135727928,0.218423226289466
2024-12-30T21:30+02:00[Asia/Jerusalem],5717453.333,0.382683432364999,-0.923879532511324,11.5562501549721,10.6999998092651,-0.382683432365103,-0.923879532511281,0.975775740006487,0.218773182119728
2024-12-30T22:00+02:00[Asia/Jerusalem],5552650.833,0.499999999991328,-0.866025403789445,11.4499998092651,10.6999998092651,-0.365341024365791,-0.930873748644441,0.97569721878569,0.219123109812428
2024-12-30T22:30+02:00[Asia/Jerusalem],5313935.833,0.608761429004455,-0.793353340294508,11.3499999046326,10.6999998092651,-0.347870864587409,-0.93754245854319,0.975618572075609,0.219473009322671
2024-12-30T23:00+02:00[Asia/Jerusalem],5033589.167,0.707106781175735,-0.70710678119736,11.25,10.6937498450279,-0.330279061956738,-0.943883330307818,0.975539799886373,0.219822880605399
2024-12-30T23:30+02:00[Asia/Jerusalem],4762642.5,0.793353340284749,-0.608761429017173,11.1562500596046,10.5937502980232,-0.312571767946597,-0.949894146672533,0.975460902228125,0.220172723615558
2024-12-31T00:00+02:00[Asia/Jerusalem],4456863.333,0.866025403788706,-0.499999999992609,11.1874998807907,10.4624998569489,-0.294755174411229,-0.955572805786041,0.975381879110975,0.220522538308319
2024-12-31T00:30+02:00[Asia/Jerusalem],4201784.167,0.923879532510759,-0.382683432366365,11.1062503457069,10.5,-0.276835511424539,-0.960917321945189,0.975302730545136,0.220872324638469
2024-12-31T01:00+02:00[Asia/Jerusalem],4030360,0.965925826289911,-0.258819045099375,11.1562501192093,10.5,-0.258819045101569,-0.965925826289323,0.975223456540752,0.221222082561187
2024-12-31T01:30+02:00[Asia/Jerusalem],3905512.5,0.991444861372941,-0.130526192226653,11.3000001311302,10.5,-0.240712075407374,-0.970596567453788,0.975144057108042,0.221571812031377
2024-12-31T02:00+02:00[Asia/Jerusalem],3860405.833,1,-0.00000000000202112662,11.2874997854233,10.5,-0.222520933957609,-0.974927912181528,0.975064532257194,0.22192151300417
2024-12-31T02:30+02:00[Asia/Jerusalem],3818067.5,0.991444861375368,0.130526192208218,11,10.5,-0.204251981790332,-0.978918345897512,0.974984881998461,0.222271185434478
2024-12-31T03:00+02:00[Asia/Jerusalem],3759223.333,0.965925826290957,0.25881904509547,10.75,10.4437498450279,-0.185911607162918,-0.982566473233288,0.974905106342061,0.22262082927744
2024-12-31T03:30+02:00[Asia/Jerusalem],3731932.5,0.923879532512305,0.38268343236263,10.5500001311302,10.25,-0.167506223307673,-0.985871018517737,0.974825205298281,0.222970444487974
2024-12-31T04:00+02:00[Asia/Jerusalem],3764677.5,0.866025403790727,0.499999999989108,10.3999996781349,10.0500001311302,-0.149042266178465,-0.988830826224783,0.974745178877371,0.223320031021226
2024-12-31T04:30+02:00[Asia/Jerusalem],3831809.167,0.793353340296069,0.608761429002422,10.2562499642372,7.68444027673143,-0.130526192221691,-0.991444861373595,0.97466502708965,0.223669588832123
2024-12-31T05:00+02:00[Asia/Jerusalem],3991174.167,0.707106781199173,0.707106781173922,10.25,7.42690060562402,-0.111964476104293,-0.993712209893132,0.974584749945401,0.224019117875818
2024-12-31T05:30+02:00[Asia/Jerusalem],4051748.333,0.608761429007662,0.793353340292047,10.3562499284744,7.3699870607175,-0.0933636084532784,-0.995632078941103,0.974504347454949,0.224368618107355
2024-12-31T06:00+02:00[Asia/Jerusalem],4199905.833,0.499999999994829,0.866025403787424,10.4437497854233,7.26144853783982,-0.0747300935860919,-0.997203797181205,0.974423819628672,0.224718089481618
2024-12-31T06:30+02:00[Asia/Jerusalem],4353771.667,0.382683432368733,0.923879532509778,10.3499999046326,7.08434386040218,-0.0560704472361976,-0.998426815017873,0.974343166476891,0.225067531953825
2024-12-31T07:00+02:00[Asia/Jerusalem],4727934.167,0.258819045101851,0.965925826289248,10.4125000834465,7.17579099307136,-0.037391194278304,-0.999300704788324,0.974262388010002,0.225416945478923
2024-12-31T07:30+02:00[Asia/Jerusalem],5019478.333,0.130526192229194,0.991444861372607,10.8499999046326,10.0999999046326,-0.0186988664322194,-0.999825160912722,0.974181484238371,0.225766330012082
2024-12-31T08:00+02:00[Asia/Jerusalem],5246314.167,0.00000000000458447077,1,11.2999997735024,10.3874996304512,-0.0000000000006549244,-1,0.974100455172428,0.226115685508255
2024-12-31T08:30+02:00[Asia/Jerusalem],5374249.167,-0.130526192205676,0.991444861375703,11.7000002264977,10.4499998092651,0.0186988664309098,-0.999825160912746,0.974019300822569,0.226465011922621
2024-12-31T09:00+02:00[Asia/Jerusalem],5574146.667,-0.258819045092994,0.965925826291621,12.1562501192093,10.6687501072884,0.0373911942733597,-0.99930070478851,0.973938021199258,0.226814309210141
2024-12-31T09:30+02:00[Asia/Jerusalem],5701729.167,-0.382683432346818,0.923879532518855,12.8000001907349,11.3000001907349,0.0560704472348898,-0.998426815017946,0.973856616312922,0.227163577325999
2024-12-31T10:00+02:00[Asia/Jerusalem],5710022.5,-0.499999999986888,0.866025403792009,13.4000000953674,11.9437502622604,0.0747300935847857,-0.997203797181303,0.973775086174058,0.227512816225165
2024-12-31T10:30+02:00[Asia/Jerusalem],5680655.833,-0.608761429011933,0.79335334028877,13.8937500715256,12.4000000953674,0.0933636084519742,-0.995632078941225,0.973693430793112,0.227862025862888
2024-12-31T11:00+02:00[Asia/Jerusalem],5640815.833,-0.707106781192689,0.707106781180406,14.2375000119209,12.7437499761581,0.111964476102992,-0.993712209893278,0.973611650180625,0.228211206194087
2024-12-31T11:30+02:00[Asia/Jerusalem],5740877.5,-0.793353340290487,0.608761429009696,14.3062501549721,12.9499998688698,0.130526192220393,-0.991444861373765,0.973529744347116,0.228560357173852
2024-12-31T12:00+02:00[Asia/Jerusalem],5743247.5,-0.866025403786142,0.499999999997049,14.3437499403954,13.0937503576279,0.14904226617717,-0.988830826224979,0.973447713303093,0.228909478757389
2024-12-31T12:30+02:00[Asia/Jerusalem],5731940.833,-0.923879532508797,0.382683432371101,14.3000001907349,13.0937503576279,0.167506223302795,-0.985871018518566,0.973365557059132,0.229258570899684
2024-12-31T13:00+02:00[Asia/Jerusalem],5709674.167,-0.965925826288584,0.258819045104327,14.293750166893,12.9499998688698,0.185911607161631,-0.982566473233531,0.973283275625774,0.22960763355595
2024-12-31T13:30+02:00[Asia/Jerusalem],5747512.5,-0.991444861372272,0.130526192231736,14.206249833107,12.7562499642372,0.20425198178905,-0.97891834589778,0.973200869013628,0.229956666681181
2024-12-31T14:00+02:00[Asia/Jerusalem],5751415.833,-1,0.00000000000714781492,14.2562499642372,12.7624999880791,0.222520933956332,-0.974927912181819,0.973118337233265,0.230305670230597
2024-12-31T14:30+02:00[Asia/Jerusalem],5704918,-0.991444861376037,-0.130526192203135,14.3937496542931,13.0500001907349,0.240712075406103,-0.970596567454103,0.973035680295328,0.230654644159201
2024-12-31T15:00+02:00[Asia/Jerusalem],5718562.5,-0.965925826292284,-0.258819045090518,14.3374999165535,13.2312500476837,0.258819045100304,-0.965925826289662,0.972952898210421,0.231003588422219
2024-12-31T15:30+02:00[Asia/Jerusalem],5744985.833,-0.923879532508698,-0.382683432371338,13.9500002861023,12.9937499761581,0.276835511426777,-0.960917321944544,0.972869990989204,0.231352502974717
2024-12-31T16:00+02:00[Asia/Jerusalem],5821448.333,-0.866025403786014,-0.499999999997271,13.3875001072884,12.5999999046326,0.294755174409977,-0.955572805786427,0.97278695864234,0.231701387771819
2024-12-31T16:30+02:00[Asia/Jerusalem],5919427.5,-0.793353340290331,-0.608761429009899,12.5999999046326,12.1500000953674,0.312571767945352,-0.949894146672942,0.972703801180508,0.232050242768653
2024-12-31T17:00+02:00[Asia/Jerusalem],6159950.833,-0.707106781182218,-0.707106781190877,11.9687498211861,11.7062502503395,0.330279061955502,-0.94388333030825,0.972620518614417,0.232399067920297
2024-12-31T17:30+02:00[Asia/Jerusalem],6284206.667,-0.608761429011729,-0.793353340288926,11.7562499642372,11.4000000953674,0.347870864586181,-0.937542458543645,0.972537110954752,0.232747863181997
2024-12-31T18:00+02:00[Asia/Jerusalem],6300950.833,-0.499999999999269,-0.866025403784861,11.6999998092651,11.1437500715256,0.365341024364572,-0.93087374864492,0.972453578212266,0.233096628508781
2024-12-31T18:30+02:00[Asia/Jerusalem],6290273.333,-0.38268343237347,-0.923879532507816,11.6937498450279,10.8562499284744,0.382683432363893,-0.923879532511783,0.972369920397677,0.233445363855904
2024-12-31T19:00+02:00[Asia/Jerusalem],6241140.833,-0.258819045106803,-0.965925826287921,11.543750166893,10.6562501192093,0.39989202431916,-0.916562255870229,0.972286137521771,0.233794069178403
2024-12-31T19:30+02:00[Asia/Jerusalem],6171002.5,-0.130526192234277,-0.991444861371937,11.2000002264977,10.5500001907349,0.416960782761355,-0.908924477412199,0.972202229595297,0.234142744431539
2024-12-31T20:00+02:00[Asia/Jerusalem],6041595,-0.00000000000971115907,-1,10.8624999523163,10.4499998092651,0.433883739114904,-0.900968867903698,0.972118196629074,0.234491389570358
2024-12-31T20:30+02:00[Asia/Jerusalem],5892244.167,0.130526192200593,-0.991444861376372,10.75,10.3937496542931,0.450654975797906,-0.892698209244641,0.972034038633882,0.234840004550128
2024-12-31T21:00+02:00[Asia/Jerusalem],5699575.833,0.258819045102099,-0.965925826289181,10.6999998092651,10.25,0.467268628274845,-0.884115393503668,0.97194975562056,0.235188589325957
2024-12-31T21:30+02:00[Asia/Jerusalem],5478265.833,0.38268343236897,-0.923879532509679,10.6999998092651,10.1000003218651,0.4837188871044,-0.875223421909218,0.971865347599947,0.235537143853013
2024-12-31T22:00+02:00[Asia/Jerusalem],5310472.5,0.499999999995051,-0.866025403787296,10.6999998092651,8.97285382686861,0.499999999999743,-0.866025403784587,0.971780814582899,0.235885668086465
2024-12-31T22:30+02:00[Asia/Jerusalem],5108118.333,0.608761429007865,-0.793353340291891,10.6999998092651,8.74766670152761,0.51610627380782,-0.856524555477663,0.971696156580301,0.236234161981434
2024-12-31T23:00+02:00[Asia/Jerusalem],4887595,0.707106781178774,-0.707106781194321,10.6937498450279,8.58654486649218,0.532032076516207,-0.846724199227737,0.971611373603017,0.236582625493207
2024-12-31T23:30+02:00[Asia/Jerusalem],4662282.5,0.793353340287366,-0.608761429013763,10.5937502980232,8.41979088831392,0.547771839216242,-0.836627762007486,0.971526465661976,0.236931058576858
2025-01-01T00:00+02:00[Asia/Jerusalem],4413500,0.866025403783579,-0.500000000001488,14.1062500476837,8.06032379559554,0.56332005806256,-0.826238774316719,0.971441432768071,0.237279461187682
2025-01-01T00:30+02:00[Asia/Jerusalem],4209675,0.923879532506835,-0.382683432375838,14,7.81912898170522,0.578671296179298,-0.81556086895962,0.971356274932268,0.237627833280759
2025-01-01T01:00+02:00[Asia/Jerusalem],4018262.5,0.965925826287257,-0.258819045109279,13.75,7.95625004172325,0.593820185570607,-0.804597779768805,0.97127099216549,0.237976174811395
2025-01-01T01:30+02:00[Asia/Jerusalem],3916225,0.991444861371603,-0.130526192236818,13.5,7.94374999403954,0.608761429006392,-0.793353340293022,0.971185584478735,0.238324485734677
2025-01-01T02:00+02:00[Asia/Jerusalem],3931564.167,1,0.000000000002277412,13.3000001311302,10.4625000953674,0.623489801859801,-0.781831482467179,0.971100051882945,0.238672766005971
2025-01-01T02:30+02:00[Asia/Jerusalem],3855615.833,0.991444861372908,0.130526192226907,13.206249833107,10.6000003814697,0.63800015393457,-0.770036235237969,0.971014394389176,0.239021015580264
2025-01-01T03:00+02:00[Asia/Jerusalem],3791942.5,0.965925826289845,0.258819045099623,13.25,10.5500001907349,0.652287411277402,-0.757971723146072,0.970928612008405,0.239369234412931
2025-01-01T03:30+02:00[Asia/Jerusalem],3758080.833,0.92387953251066,0.382683432366602,13.3499999046326,10.4937499761581,0.666346577951791,-0.745642164883356,0.97084270475169,0.239717422459075
2025-01-01T04:00+02:00[Asia/Jerusalem],3769839.167,0.866025403788578,0.499999999992831,13.3937496542931,10.4062496423721,0.680172737771195,-0.73305187182957,0.970756672630054,0.240065579674025
2025-01-01T04:30+02:00[Asia/Jerusalem],3814513.333,0.793353340293452,0.608761429005832,13.25,10.3999996185303,0.69376105602929,-0.720205246535406,0.970670515654576,0.240413706012947
2025-01-01T05:00+02:00[Asia/Jerusalem],3954474.167,0.707106781196133,0.707106781176962,13,10.3937496542931,0.707106781185178,-0.707106781187917,0.97058423383635,0.240761801431012
2025-01-01T05:30+02:00[Asia/Jerusalem],4042889.167,0.608761429015797,0.793353340285806,12.7437499761581,10.3062501549721,0.720205246535243,-0.693761056029459,0.970497827186446,0.241109865883559
2025-01-01T06:00+02:00[Asia/Jerusalem],4120856.667,0.500000000016311,0.866025403775022,12.456249833107,10.3000001907349,0.73305187182941,-0.680172737771368,0.970411295716004,0.241457899325713
2025-01-01T06:30+02:00[Asia/Jerusalem],4166786.667,0.382683432378206,0.923879532505854,12.25,10.3062501549721,0.745642164880775,-0.666346577954679,0.970324639436127,0.241805901712821
2025-01-01T07:00+02:00[Asia/Jerusalem],4355415.833,0.258819045097699,0.96592582629036,12.28125,10.6187499165535,0.757971723145918,-0.652287411277581,0.970237858357973,0.242153873000069
2025-01-01T07:30+02:00[Asia/Jerusalem],4573753.333,0.130526192210505,0.991444861375067,13,11.456249833107,0.77003623524014,-0.638000153931949,0.970150952492704,0.242501813142704
2025-01-01T08:00+02:00[Asia/Jerusalem],4762084.167,0.00000000000028593215,1,13.8500003218651,12.3937500715256,0.7818314824693,-0.62348980185714,0.970063921851511,0.242849722095919
2025-01-01T08:30+02:00[Asia/Jerusalem],4880331.667,-0.130526192224365,0.991444861373243,14.75,13.1500000953674,0.793353340290664,-0.608761429009464,0.96997676644556,0.24319759981508
2025-01-01T09:00+02:00[Asia/Jerusalem],5033075,-0.258819045097146,0.965925826290508,15.5937499403954,13.7937497496605,0.804597779766505,-0.593820185573723,0.969889486286088,0.243545446255333
2025-01-01T09:30+02:00[Asia/Jerusalem],5039712.5,-0.382683432364233,0.923879532511641,16.3000001311302,14.2937497496605,0.815560868959484,-0.57867129617949,0.969802081384292,0.24389326137205
2025-01-01T10:00+02:00[Asia/Jerusalem],5001906.667,-0.499999999990611,0.866025403789859,16.9437497854233,14.7000002264976,0.826238774314537,-0.563320058065761,0.969714551751429,0.244241045120442
2025-01-01T10:30+02:00[Asia/Jerusalem],4956075,-0.608761429003798,0.793353340295012,17.456249833107,15.0999999046326,0.836627762005365,-0.547771839219483,0.969626897398769,0.244588797455723
2025-01-01T11:00+02:00[Asia/Jerusalem],4917588.333,-0.707106781175149,0.707106781197946,17.9437499046326,15.5,0.846724199227612,-0.532032076516406,0.969539118337559,0.244936518333279
2025-01-01T11:30+02:00[Asia/Jerusalem],4889865.833,-0.793353340284245,0.60876142901783,18.3000001907349,15.8937501311302,0.856524555477541,-0.516106273808021,0.969451214579116,0.245284207708276
2025-01-01T12:00+02:00[Asia/Jerusalem],4894842.5,-0.86602540377374,0.500000000018531,18.6375005245209,16.1500004529953,0.86602540378265,-0.500000000003097,0.969363186134718,0.245631865536106
2025-01-01T12:30+02:00[Asia/Jerusalem],4898320.833,-0.923879532510442,0.38268343236713,18.7562500238419,16.3999997377396,0.875223421909104,-0.483718887104606,0.969275033015701,0.245979491772001
2025-01-01T13:00+02:00[Asia/Jerusalem],4925557.5,-0.965925826289697,0.258819045100175,18.8437494039536,16.6000003814697,0.884115393505258,-0.467268628271836,0.969186755233402,0.24632708637125
2025-01-01T13:30+02:00[Asia/Jerusalem],4975550,-0.991444861374733,0.130526192213046,18.793749332428,16.7437499761581,0.892698209242895,-0.450654975801364,0.96909835279919,0.246674649289093
2025-01-01T14:00+02:00[Asia/Jerusalem],5052025.833,-1,0.0000000000028492763,18.6000002622604,16.793749332428,0.900968867902017,-0.433883739118393,0.969009825724406,0.247022180480937
2025-01-01T14:30+02:00[Asia/Jerusalem],5065956.667,-0.991444861373577,-0.130526192221824,18.3000001907349,16.6562504768372,0.9089244774121,-0.416960782761568,0.968921174020464,0.247369679901976
2025-01-01T15:00+02:00[Asia/Jerusalem],5023235,-0.965925826291172,-0.258819045094671,17.9437499046326,16.4875000715256,0.916562255870135,-0.399892024319376,0.968832397698738,0.247717147507625
2025-01-01T15:30+02:00[Asia/Jerusalem],5038779.167,-0.923879532512622,-0.382683432361865,17.4437497854233,16.0937502980232,0.9238795325103,-0.382683432367471,0.968743496770674,0.248064583253085
2025-01-01T16:00+02:00[Asia/Jerusalem],5129796.667,-0.866025403791141,-0.499999999988391,16.7374999523163,15.5499997735024,0.930873748643505,-0.365341024368178,0.968654471247678,0.248411987093781
2025-01-01T16:30+02:00[Asia/Jerusalem],5338808.333,-0.793353340296573,-0.608761429001765,15.75,14.9562502503395,0.937542458543563,-0.347870864586402,0.968565321141214,0.248759358984976
2025-01-01T17:00+02:00[Asia/Jerusalem],5610930,-0.707106781199758,-0.707106781173337,14.8687499165535,14.5,0.943883330308173,-0.330279061955724,0.968476046462763,0.249106698881938
2025-01-01T17:30+02:00[Asia/Jerusalem],5776086.667,-0.608761429008319,-0.793353340291543,14.3937500715256,14.1062498688698,0.949894146672868,-0.312571767945576,0.968386647223763,0.249454006740158
2025-01-01T18:00+02:00[Asia/Jerusalem],5850856.667,-0.499999999995546,-0.86602540378701,13.9000000953674,13.7999997735024,0.955572805786357,-0.294755174410202,0.96829712343577,0.249801282514749
2025-01-01T18:30+02:00[Asia/Jerusalem],5874371.667,-0.382683432369498,-0.923879532509461,13.3562499284744,13.5500001311302,0.960917321945486,-0.276835511423507,0.968207475110255,0.250148526161209
2025-01-01T19:00+02:00[Asia/Jerusalem],5856010,-0.258819045102651,-0.965925826289034,12.793750166893,13.3499999046326,0.96592582628866,-0.258819045104045,0.968117702258776,0.250495737634769
2025-01-01T19:30+02:00[Asia/Jerusalem],5836744.167,-0.130526192230015,-0.991444861372499,12.1437501311302,13.1562501192093,0.97059656745317,-0.240712075409862,0.968027804892853,0.250842916890881
2025-01-01T20:00+02:00[Asia/Jerusalem],5784620,-0.00000000000541262045,-1,11.4562502503395,13.0500001907349,0.974927912181767,-0.222520933956562,0.967937783024073,0.251190063884784
2025-01-01T20:30+02:00[Asia/Jerusalem],5721150.833,0.130526192219283,-0.991444861373912,10.8062501549721,12.9937499761581,0.978918345897732,-0.20425198178928,0.967847636663989,0.251537178571938
2025-01-01T21:00+02:00[Asia/Jerusalem],5634737.5,0.258819045092195,-0.965925826291835,10.3124997615814,12.9062496423721,0.982566473232811,-0.185911607165436,0.967757365824222,0.251884260907591
2025-01-01T21:30+02:00[Asia/Jerusalem],5520541.667,0.382683432359497,-0.923879532513603,10.1500000953674,12.8499999046326,0.985871018517917,-0.167506223306614,0.967666970516354,0.252231310847211
2025-01-01T22:00+02:00[Asia/Jerusalem],5399650,0.499999999986171,-0.866025403792423,10.1000003814697,12.75,0.988830826224943,-0.149042266177402,0.967576450752025,0.252578328346108
2025-01-01T22:30+02:00[Asia/Jerusalem],5227275.833,0.608761429011276,-0.793353340289275,10.1000003814697,12.6500000953674,0.991444861373735,-0.130526192220626,0.967485806542878,0.25292531335965
2025-01-01T23:00+02:00[Asia/Jerusalem],4974817.5,0.707106781192104,-0.707106781180991,10.043750166893,12.543750166893,0.993712209893252,-0.111964476103225,0.96739503790057,0.25327226584321
2025-01-01T23:30+02:00[Asia/Jerusalem],4697703.333,0.793353340289983,-0.608761429010353,9.41200999617334,12.1187496781349,0.995632078941203,-0.0933636084522084,0.967304144836792,0.25361918575211
2025-01-02T00:00+02:00[Asia/Jerusalem],4429572.5,0.866025403785729,-0.499999999997766,9.03580245189366,7.25165849386338,0.997203797181285,-0.0747300935850202,0.967213127363203,0.25396607304184
2025-01-02T00:30+02:00[Asia/Jerusalem],4251915.833,0.92387953250848,-0.382683432371866,8.7934748237462,6.86324249625045,0.998426815017729,-0.0560704472387569,0.967121985491539,0.254312927667675
2025-01-02T01:00+02:00[Asia/Jerusalem],4093427.5,0.96592582628837,-0.258819045105127,8.62050272049965,6.75471511428242,0.999300704788365,-0.0373911942772301,0.967030719233493,0.254659749585116
2025-01-02T01:30+02:00[Asia/Jerusalem],4016630,0.991444861372164,-0.130526192232557,8.51684261596589,6.72697298158636,0.999825160912742,-0.0186988664311449,0.966939328600832,0.255006538749445
2025-01-02T02:00+02:00[Asia/Jerusalem],3885509.167,1,-0.0000000000079759646,8.59999990463257,6.51889893131967,1,0.00000000000041971026,0.966847813605282,0.25535329511617
2025-01-02T02:30+02:00[Asia/Jerusalem],3789841.667,0.991444861376146,0.130526192202314,8.34999990463257,6.33423562716023,0.999825160912794,0.0186988664283469,0.966756174258642,0.255700018640583
2025-01-02T03:00+02:00[Asia/Jerusalem],3730561.667,0.965925826292499,0.258819045089719,8.15000009536743,6.05659636904417,0.999300704788469,0.0373911942744335,0.966664410572669,0.2560467092782
2025-01-02T03:30+02:00[Asia/Jerusalem],3694685.833,0.923879532514584,0.382683432357129,7.94375005364418,5.77553773069074,0.998426815017885,0.0560704472359628,0.966572522559194,0.256393366984322
2025-01-02T04:00+02:00[Asia/Jerusalem],3728673.333,0.866025403779153,0.500000000009156,7.15837552535017,5.58813567765556,0.997203797181223,0.0747300935858573,0.966480510229991,0.256739991714528
2025-01-02T04:30+02:00[Asia/Jerusalem],3794450.833,0.793353340290835,0.608761429009242,6.79286532663047,5.36614645705248,0.995632078941125,0.0933636084530442,0.966388373596939,0.257086583424072
2025-01-02T05:00+02:00[Asia/Jerusalem],3954350.833,0.707106781182804,0.707106781190291,6.41330031522882,5.13699585105198,0.993712209893158,0.111964476104059,0.966296112671888,0.257433142068377
2025-01-02T05:30+02:00[Asia/Jerusalem],4047755.833,0.608761429012386,0.793353340288422,6.34535495674454,4.90784568895028,0.991444861373625,0.130526192221458,0.966203727466675,0.257779667602981
2025-01-02T06:00+02:00[Asia/Jerusalem],4218428.333,0.499999999999986,0.866025403784447,6.23507257165202,4.61923037512153,0.988830826225361,0.149042266174635,0.96611121799321,0.258126159983205
2025-01-02T06:30+02:00[Asia/Jerusalem],4314232.5,0.382683432374235,0.923879532507499,6.19803094769942,4.3994336003872,0.985871018518386,0.167506223303855,0.966018584263364,0.258472619164595
2025-01-02T07:00+02:00[Asia/Jerusalem],4547610.833,0.258819045107603,0.965925826287707,6.87277220454385,4.78595262865315,0.982566473233331,0.185911607162687,0.965925826289079,0.258819045102482
2025-01-02T07:30+02:00[Asia/Jerusalem],4748238.333,0.130526192235098,0.991444861371829,8.73871143250182,6.12578506719115,0.978918345898304,0.20425198178654,0.965832944082255,0.259165437752419
2025-01-02T08:00+02:00[Asia/Jerusalem],4877245.833,0.00000000001053930875,1,11.6000003814697,8.17909436589189,0.97492791218239,0.222520933953833,0.965739937654869,0.259511797069745
2025-01-02T08:30+02:00[Asia/Jerusalem],4957604.167,-0.130526192199772,0.99144486137648,13.5937503576279,10.7562499642372,0.970596567453844,0.240712075407146,0.965646807018854,0.259858123010024
2025-01-02T09:00+02:00[Asia/Jerusalem],5022000.833,-0.258819045101299,0.965925826289396,15.2312500476837,12.5874999165535,0.965925826288443,0.258819045104856,0.965553552186186,0.260204415528713
2025-01-02T09:30+02:00[Asia/Jerusalem],5077623.333,-0.382683432368205,0.923879532509996,16.293750166893,14.1937502622604,0.960917321945254,0.276835511424313,0.965460173168904,0.260550674581108
2025-01-02T10:00+02:00[Asia/Jerusalem],5067570,-0.500000000006936,0.866025403780434,17.087500333786,15.5874999165535,0.95557280578611,0.294755174411004,0.965366669978974,0.26089690012284
2025-01-02T10:30+02:00[Asia/Jerusalem],5023001.667,-0.608761429007208,0.793353340292396,17.6437497138977,16.5937495231628,0.949894146672606,0.312571767946373,0.965273042628451,0.26124309210927
2025-01-02T11:00+02:00[Asia/Jerusalem],4984010,-0.707106781188479,0.707106781184616,18.1499996185303,17.2875001430511,0.943883330309097,0.330279061953083,0.965179291129348,0.261589250495981
2025-01-02T11:30+02:00[Asia/Jerusalem],4950357.5,-0.793353340286862,0.60876142901442,18.6000002622604,17.6937497854233,0.937542458544537,0.347870864583778,0.965085415493752,0.261935375238344
2025-01-02T12:00+02:00[Asia/Jerusalem],4929066.667,-0.866025403783165,0.500000000002206,18.9437499046326,17.9437497854233,0.930873748644527,0.365341024365572,0.964991415733707,0.26228146629195
2025-01-02T12:30+02:00[Asia/Jerusalem],4889489.167,-0.923879532506518,0.382683432376603,19.1500004529953,18,0.923879532511371,0.382683432364885,0.964897291861333,0.262627523612178
2025-01-02T13:00+02:00[Asia/Jerusalem],4876323.333,-0.965925826287043,0.258819045110079,19.3499995470047,18,0.916562255871254,0.399892024316811,0.964803043888706,0.262973547154629
2025-01-02T13:30+02:00[Asia/Jerusalem],4849354.167,-0.991444861371495,0.13052619223764,19.5,17.9499998092651,0.908924477413268,0.416960782759025,0.964708671827977,0.26331953687469
2025-01-02T14:00+02:00[Asia/Jerusalem],4870290.833,-1,0.00000000001310265291,19.587500333786,17.8437495231628,0.900968867903231,0.433883739115872,0.964614175691253,0.263665492727971
2025-01-02T14:30+02:00[Asia/Jerusalem],4901060,-0.991444861373016,-0.130526192226086,19.4499998092651,17.6000002622604,0.892698209244156,0.450654975798866,0.96451955549069,0.264011414669976
2025-01-02T15:00+02:00[Asia/Jerusalem],4950621.667,-0.965925826290059,-0.258819045098823,19.087499499321,17.2312500476837,0.884115393504865,0.467268628272578,0.9644248112385,0.264357302656051
2025-01-02T15:30+02:00[Asia/Jerusalem],4998795,-0.923879532510977,-0.382683432365837,18.3937504291534,16.5,0.875223421908698,0.483718887105341,0.964329942946825,0.264703156641874
2025-01-02T16:00+02:00[Asia/Jerusalem],5077748.333,-0.866025403788992,-0.499999999992114,17.4875000715256,15.6374996304512,0.86602540378405,0.500000000000674,0.964234950627897,0.265048976582853
2025-01-02T16:30+02:00[Asia/Jerusalem],5309600.833,-0.793353340293956,-0.608761429005175,16.3000001907349,14.5625001192093,0.856524555478986,0.516106273805624,0.964139834293901,0.26539476243462
2025-01-02T17:00+02:00[Asia/Jerusalem],5611358.333,-0.707106781186429,-0.707106781186666,15.2124998569489,13.7562500238419,0.846724199229101,0.532032076514037,0.964044593957103,0.265740514152592
2025-01-02T17:30+02:00[Asia/Jerusalem],5857795,-0.608761429016454,-0.793353340285301,14.4500002264977,13.1500000953674,0.836627762006898,0.547771839217141,0.963949229629721,0.26608623169241
2025-01-02T18:00+02:00[Asia/Jerusalem],5964878.333,-0.500000000004426,-0.866025403781883,13.7562500238419,12.4937499761581,0.826238774316113,0.563320058063448,0.963853741324051,0.2664319150095
2025-01-02T18:30+02:00[Asia/Jerusalem],6007509.167,-0.382683432378971,-0.923879532505537,13.1500000953674,11.6499996781349,0.815560868961104,0.578671296177207,0.963758129052343,0.266777564059511
2025-01-02T19:00+02:00[Asia/Jerusalem],6028817.5,-0.258819045112555,-0.96592582628638,12.6062499284744,10.8562498688698,0.804597779768167,0.593820185571471,0.963662392826926,0.267123178797879
2025-01-02T19:30+02:00[Asia/Jerusalem],6020310,-0.130526192211326,-0.991444861374959,12.2562500238419,10.3124997615814,0.793353340290153,0.60876142901013,0.963566532660066,0.267468759180315
2025-01-02T20:00+02:00[Asia/Jerusalem],5957211.667,-0.00000000000111408183,-1,12.0500001311302,10.0562501549721,0.781831482468777,0.623489801857796,0.963470548564154,0.267814305162156
2025-01-02T20:30+02:00[Asia/Jerusalem],5866765.833,0.130526192223544,-0.991444861373351,11.8999996781349,8.97754499726119,0.770036235239605,0.638000153932596,0.963374440551489,0.268159816699121
2025-01-02T21:00+02:00[Asia/Jerusalem],5742356.667,0.258819045096347,-0.965925826290723,11.8000001311302,8.94960724298494,0.757971723145371,0.652287411278217,0.963278208634446,0.268505293746719
2025-01-02T21:30+02:00[Asia/Jerusalem],5580761.667,0.382683432363468,-0.923879532511958,11.6999998688698,8.93091787788042,0.74564216488264,0.666346577952592,0.963181852825419,0.268850736260462
2025-01-02T22:00+02:00[Asia/Jerusalem],5423558.333,0.499999999989894,-0.866025403790274,11.6062503457069,8.97777681545854,0.733051871831314,0.680172737769316,0.96308537313677,0.269196144196029
2025-01-02T22:30+02:00[Asia/Jerusalem],5239533.333,0.608761429003141,-0.793353340295516,11.6000003814697,8.84175223312111,0.720205246537184,0.693761056027444,0.962988769580937,0.269541517508887
2025-01-02T23:00+02:00[Asia/Jerusalem],5017722.5,0.707106781174564,-0.707106781198531,11.6500000953674,8.64105213095202,0.707106781187157,0.707106781185938,0.962892042170314,0.269886856154725
2025-01-02T23:30+02:00[Asia/Jerusalem],4748615,0.793353340283741,-0.608761429018487,11.7624998092651,8.48773115873979,0.693761056028685,0.720205246535988,0.962795190917374,0.270232160089018
2025-01-03T00:00+02:00[Asia/Jerusalem],4484975,0.866025403780602,-0.500000000006646,7.25165849386338,10.4437501430511,0.680172737773247,,,
2025-01-03T00:30+02:00[Asia/Jerusalem],4231970,0.923879532515693,-0.382683432354451,6.86324249625045,10.3437499403954,0.666346577951165,,,
2025-01-03T01:00+02:00[Asia/Jerusalem],4028438.333,0.965925826289483,-0.258819045100975,6.75471511428242,10.0562501549721,0.652287411276766,,,
2025-01-03T01:30+02:00[Asia/Jerusalem],3904171.667,0.991444861374625,-0.130526192213867,6.72697298158636,8.80157156284752,0.638000153933923,,,
2025-01-03T02:00+02:00[Asia/Jerusalem],3810038.333,1,-0.00000000000367742598,6.51889893131967,8.48847501130568,0.623489801859144,,,
2025-01-03T02:30+02:00[Asia/Jerusalem],3732590,0.991444861373685,0.130526192221003,6.33423562716023,8.18245813008899,0.608761429008612,,,
2025-01-03T03:00+02:00[Asia/Jerusalem],3727927.5,0.965925826291386,0.258819045093871,6.05659636904417,7.95842567906157,0.593820185572858,,,
2025-01-03T03:30+02:00[Asia/Jerusalem],3660181.667,0.923879532512939,0.3826834323611,5.77553773069074,7.60536116878557,0.57867129618158,,,
2025-01-03T04:00+02:00[Asia/Jerusalem],3710966.667,0.866025403791555,0.499999999987674,5.58813567765556,7.40492902374299,0.563320058064873,,,
2025-01-03T04:30+02:00[Asia/Jerusalem],3727391.667,0.793353340297077,0.608761429001108,5.36614645705248,7.17157532679057,0.547771839218584,,,
2025-01-03T05:00+02:00[Asia/Jerusalem],3767922.5,0.707106781200344,0.707106781172751,5.13699585105198,7.09316333693048,0.532032076515496,,,
2025-01-03T05:30+02:00[Asia/Jerusalem],3784426.667,0.608761429020521,0.79335334028218,4.90784568895028,6.86586462340375,0.516106273810217,,,
2025-01-03T06:00+02:00[Asia/Jerusalem],3872325.833,0.499999999996263,0.866025403786596,4.61923037512153,6.62390115982565,0.499999999999016,,,
2025-01-03T06:30+02:00[Asia/Jerusalem],3923864.167,0.382683432356819,0.923879532514713,4.3994336003872,6.3365225608286,0.483718887103666,,,
2025-01-03T07:00+02:00[Asia/Jerusalem],4076479.167,0.258819045103451,0.965925826288819,4.78595262865315,6.51331808427964,0.467268628274103,,,
2025-01-03T07:30+02:00[Asia/Jerusalem],4255033.333,0.130526192216409,0.99144486137429,6.12578506719115,7.4648015859828,0.450654975800405,,,
2025-01-03T08:00+02:00[Asia/Jerusalem],4340698.333,0.00000000000624077013,1,8.17909436589189,9.15241340831343,0.433883739117425,,,
2025-01-03T08:30+02:00[Asia/Jerusalem],4429327.5,-0.130526192218462,0.99144486137402,10.7562499642372,11.4500002861023,0.416960782760592,,,
2025-01-03T09:00+02:00[Asia/Jerusalem],4566561.667,-0.258819045091395,0.965925826292049,12.5874999165535,12.9437502622604,0.399892024321726,,,
2025-01-03T09:30+02:00[Asia/Jerusalem],4642852.5,-0.382683432358732,0.92387953251392,14.1937502622604,14.293750166893,0.382683432366478,,,
2025-01-03T10:00+02:00[Asia/Jerusalem],4728056.667,-0.499999999985454,0.866025403792837,15.5874999165535,15.3875001072884,0.365341024367177,,,
2025-01-03T10:30+02:00[Asia/Jerusalem],4746175,-0.608761428999074,0.793353340298637,16.5937495231628,16.1937499046326,0.347870864588805,,,
2025-01-03T11:00+02:00[Asia/Jerusalem],4753365,-0.707106781191518,0.707106781181577,17.2875001430511,16.793750166893,0.33027906195471,,,
2025-01-03T11:30+02:00[Asia/Jerusalem],4704082.5,-0.793353340289479,0.60876142901101,17.6937497854233,17.1937497854233,0.312571767944555,,,
2025-01-03T12:00+02:00[Asia/Jerusalem],4657620,-0.866025403785315,0.499999999998483,17.9437497854233,17.3999996185303,0.294755174409175,,,
2025-01-03T12:30+02:00[Asia/Jerusalem],4674704.167,-0.923879532508163,0.382683432372632,18,17.4937499761581,0.27683551142597,,,
2025-01-03T13:00+02:00[Asia/Jerusalem],4701906.667,-0.965925826288156,0.258819045105927,18,17.4437497854233,0.258819045103007,,,
2025-01-03T13:30+02:00[Asia/Jerusalem],4719757.5,-0.991444861373955,0.13052619221895,17.9499998092651,17.2999993562698,0.240712075408819,,,
2025-01-03T14:00+02:00[Asia/Jerusalem],4795875.833,-1,0.00000000000880411428,17.8437495231628,17.1437504291534,0.222520933959061,,,
2025-01-03T14:30+02:00[Asia/Jerusalem],4891265,-0.991444861374354,-0.13052619221592,17.6000002622604,16.8499995470047,0.204251981791789,,,
2025-01-03T15:00+02:00[Asia/Jerusalem],4907270.833,-0.965925826292713,-0.258819045088919,17.2312500476837,16.4437497854233,0.185911607164381,,,
2025-01-03T15:30+02:00[Asia/Jerusalem],5074289.167,-0.923879532514901,-0.382683432356364,16.5,15.7937501072884,0.167506223305554,,,
2025-01-03T16:00+02:00[Asia/Jerusalem],5184710,-0.866025403779567,-0.500000000008439,15.6374996304512,14.9437498450279,0.14904226617634,,,
2025-01-03T16:30+02:00[Asia/Jerusalem],5206667.5,-0.793353340291339,-0.608761429008585,14.5625001192093,13.9062500596046,0.130526192219561,,,
2025-01-03T17:00+02:00[Asia/Jerusalem],5338440,-0.70710678118339,-0.707106781189706,13.7562500238419,13.1124999523163,0.111964476102157,,,
2025-01-03T17:30+02:00[Asia/Jerusalem],5424265.833,-0.608761429013043,-0.793353340287918,13.1500000953674,12.75,0.0933636084547605,,,
2025-01-03T18:00+02:00[Asia/Jerusalem],5415670,-0.500000000000703,-0.866025403784033,12.4937499761581,12.3937500715256,0.0747300935875764,,,
2025-01-03T18:30+02:00[Asia/Jerusalem],5330757.5,-0.382683432375,-0.923879532507182,11.6499996781349,11.793750166893,0.056070447237684,,,
2025-01-03T19:00+02:00[Asia/Jerusalem],5223150,-0.258819045108403,-0.965925826287492,10.8562498688698,11,0.0373911942761563,,,
2025-01-03T19:30+02:00[Asia/Jerusalem],5102417.5,-0.130526192235919,-0.991444861371721,10.3124997615814,10.1999998688698,0.0186988664337078,,,
2025-01-03T20:00+02:00[Asia/Jerusalem],5018044.167,-0.00000000001136745844,-1,10.0562501549721,9.40000009536743,0.00000000000214363389,,,
2025-01-03T20:30+02:00[Asia/Jerusalem],4930240,0.130526192213379,-0.991444861374689,8.97754499726119,8.60624992847443,-0.0186988664294213,,,
2025-01-03T21:00+02:00[Asia/Jerusalem],4865522.5,0.258819045086443,-0.965925826293376,8.94960724298494,7.62519897256666,-0.0373911942755074,,,
2025-01-03T21:30+02:00[Asia/Jerusalem],4794525,0.38268343236744,-0.923879532510313,8.93091787788042,7.2544175884451,-0.0560704472370357,,,
2025-01-03T22:00+02:00[Asia/Jerusalem],4746647.5,0.500000000006219,-0.866025403780848,8.97777681545854,7.04235284246961,-0.0747300935869289,,,
2025-01-03T22:30+02:00[Asia/Jerusalem],4627645.833,0.608761429006551,-0.7933533402929,8.84175223312111,7.08829087683655,-0.0933636084541141,,,
2025-01-03T23:00+02:00[Asia/Jerusalem],4464057.5,0.707106781187893,-0.707106781185202,8.64105213095202,7.07761311423209,-0.111964476101512,,,
2025-01-03T23:30+02:00[Asia/Jerusalem],4288316.667,0.793353340286358,-0.608761429015077,8.48773115873979,6.85429010602174,-0.130526192218917,,,
2025-01-04T00:00+02:00[Asia/Jerusalem],4105821.667,0.866025403782751,-0.500000000002923,10.4437501430511,6.5625,-0.149042266175698,,,
2025-01-04T00:30+02:00[Asia/Jerusalem],3972438.333,0.923879532506201,-0.382683432377368,10.3437499403954,5.68562010966711,-0.167506223304914,,,
2025-01-04T01:00+02:00[Asia/Jerusalem],3822112.5,0.965925826286829,-0.258819045110879,10.0562501549721,5.66325660285491,-0.185911607160168,,,
2025-01-04T01:30+02:00[Asia/Jerusalem],3695043.333,0.991444861371387,-0.130526192238461,8.80157156284752,5.5639730827685,-0.204251981787592,,,
2025-01-04T02:00+02:00[Asia/Jerusalem],3610703.333,1,-0.00000000001393080259,8.48847501130568,5.50014769218657,-0.222520933954881,,,
2025-01-04T02:30+02:00[Asia/Jerusalem],3615073.333,0.991444861373124,0.130526192225265,8.18245813008899,5.4466905861976,-0.240712075408189,,,
2025-01-04T03:00+02:00[Asia/Jerusalem],3568361.667,0.965925826286507,0.258819045112079,7.95842567906157,6,-0.25881904510238,,,
2025-01-04T03:30+02:00[Asia/Jerusalem],3529674.167,0.923879532511294,0.382683432365072,7.60536116878557,5.90000009536743,-0.276835511425346,,,
2025-01-04T04:00+02:00[Asia/Jerusalem],3534480,0.86602540378213,0.500000000003999,7.40492902374299,5.80000016093254,-0.294755174412031,,,
2025-01-04T04:30+02:00[Asia/Jerusalem],3553623.333,0.79335334029446,0.608761429004518,7.17157532679057,5.70624983310699,-0.312571767943938,,,
2025-01-04T05:00+02:00[Asia/Jerusalem],3573351.667,0.707106781187015,0.70710678118608,7.09316333693048,5.70624983310699,-0.330279061954097,,,
2025-01-04T05:30+02:00[Asia/Jerusalem],3589905,0.608761429017111,0.793353340284797,6.86586462340375,5.04196577736967,-0.347870864584785,,,
2025-01-04T06:00+02:00[Asia/Jerusalem],3578988.333,0.500000000005143,0.866025403781469,6.62390115982565,4.86714073502145,-0.365341024366573,,,
2025-01-04T06:30+02:00[Asia/Jerusalem],3552282.5,0.382683432379736,0.92387953250522,6.3365225608286,4.92335760760841,-0.382683432362517,,,
2025-01-04T07:00+02:00[Asia/Jerusalem],3603327.5,0.258819045113355,0.965925826286165,6.51331808427964,5.41514031501276,-0.399892024317796,,,
2025-01-04T07:30+02:00[Asia/Jerusalem],3724770.833,0.130526192212147,0.991444861374851,7.4648015859828,6.8619797203259,-0.416960782763308,,,
2025-01-04T08:00+02:00[Asia/Jerusalem],3873768.333,0.00000000000194223151,1,9.15241340831343,9.15625008940697,-0.43388373911684,,,
2025-01-04T08:30+02:00[Asia/Jerusalem],3970635.833,-0.130526192222723,0.991444861373459,11.4500002861023,10.9437498450279,-0.450654975799825,,,
2025-01-04T09:00+02:00[Asia/Jerusalem],4061895.833,-0.258819045095547,0.965925826290937,12.9437502622604,12.5437497496605,-0.467268628273529,,,
2025-01-04T09:30+02:00[Asia/Jerusalem],4221527.5,-0.382683432362703,0.923879532512275,14.293750166893,13.9000000357628,-0.483718887106281,,,
2025-01-04T10:00+02:00[Asia/Jerusalem],4299551.667,-0.500000000001779,0.866025403783412,15.3875001072884,15.131249666214,-0.499999999998454,,,
2025-01-04T10:30+02:00[Asia/Jerusalem],4371133.333,-0.608761429002484,0.793353340296021,16.1937499046326,16.0499997735024,-0.516106273806545,,,
2025-01-04T11:00+02:00[Asia/Jerusalem],4299462.5,-0.707106781184268,0.707106781188827,16.793750166893,16.837500333786,-0.532032076514947,,,
2025-01-04T11:30+02:00[Asia/Jerusalem],4330964.167,-0.793353340283237,0.608761429019144,17.1937497854233,17.3500003814697,-0.547771839214997,,,
2025-01-04T12:00+02:00[Asia/Jerusalem],4315119.167,-0.866025403780188,0.500000000007363,17.3999996185303,17.6937506198883,-0.56332005806133,,,
2025-01-04T12:30+02:00[Asia/Jerusalem],4252773.333,-0.923879532504239,0.382683432382105,17.4937499761581,17.793749332428,-0.578671296178084,,,
2025-01-04T13:00+02:00[Asia/Jerusalem],4288374.167,-0.965925826289268,0.258819045101775,17.4437497854233,17.7999992370605,-0.593820185575263,,,
2025-01-04T13:30+02:00[Asia/Jerusalem],4427688.333,-0.991444861374517,0.130526192214689,17.2999993562698,17.793749332428,-0.608761429008097,,,
2025-01-04T14:00+02:00[Asia/Jerusalem],4517474.167,-1,0.00000000000450557566,17.1437504291534,17.5937502384186,-0.623489801858637,,,
2025-01-04T14:30+02:00[Asia/Jerusalem],4520830,-0.991444861373793,-0.130526192220182,16.8499995470047,17.1999998092651,-0.638000153933423,,,
2025-01-04T15:00+02:00[Asia/Jerusalem],4556900,-0.9659258262916,-0.258819045093071,16.4437497854233,16.7437499761581,-0.652287411276274,,,
2025-01-04T15:30+02:00[Asia/Jerusalem],4670550,-0.923879532513256,-0.382683432360335,15.7937501072884,16.1499996781349,-0.666346577950681,,,
2025-01-04T16:00+02:00[Asia/Jerusalem],4770567.5,-0.866025403791969,-0.499999999986957,14.9437498450279,15.4937499761581,-0.680172737770104,,,
2025-01-04T16:30+02:00[Asia/Jerusalem],4950190,-0.793353340297581,-0.60876142900045,13.9062500596046,14.6999998688698,-0.693761056028218,,,
2025-01-04T17:00+02:00[Asia/Jerusalem],5152862.5,-0.70710678120093,-0.707106781172165,13.1124999523163,14.0187500119209,-0.707106781184126,,,
2025-01-04T17:30+02:00[Asia/Jerusalem],5421888.333,-0.608761429021178,-0.793353340281676,12.75,13.7437499761581,-0.72020524653421,,,
2025-01-04T18:00+02:00[Asia/Jerusalem],5624153.333,-0.49999999999698,-0.866025403786182,12.3937500715256,13.456249833107,-0.733051871830872,,,
2025-01-04T18:30+02:00[Asia/Jerusalem],5701819.167,-0.382683432357584,-0.923879532514396,11.793750166893,13.2000002264977,-0.745642164884632,,,
2025-01-04T19:00+02:00[Asia/Jerusalem],5679918.333,-0.258819045104251,-0.965925826288605,11,12.9000000953674,-0.757971723144947,,,
2025-01-04T19:30+02:00[Asia/Jerusalem],5656838.333,-0.13052619221723,-0.991444861374182,10.1999998688698,12.5999999046326,-0.770036235239191,,,
2025-01-04T20:00+02:00[Asia/Jerusalem],5602535,-0.00000000000706891981,-1,9.40000009536743,12.2999997735024,-0.781831482468372,,,
2025-01-04T20:30+02:00[Asia/Jerusalem],5526399.167,0.130526192217641,-0.991444861374128,8.60624992847443,12.1000003218651,-0.793353340289758,,,
2025-01-04T21:00+02:00[Asia/Jerusalem],5417659.167,0.258819045090595,-0.965925826292264,7.62519897256666,12.0625001788139,-0.804597779765621,,,
2025-01-04T21:30+02:00[Asia/Jerusalem],5290271.667,0.382683432357967,-0.923879532514237,7.2544175884451,12.25,-0.815560868958623,,,
2025-01-04T22:00+02:00[Asia/Jerusalem],5158932.5,0.499999999984737,-0.866025403793251,7.04235284246961,12.3937496542931,-0.826238774315748,,,
2025-01-04T22:30+02:00[Asia/Jerusalem],4958880.833,0.608761428998417,-0.793353340299142,7.08829087683655,12.3999996185303,-0.836627762004549,,,
2025-01-04T23:00+02:00[Asia/Jerusalem],4792384.167,0.707106781190933,-0.707106781182163,7.07761311423209,12.4499998092651,-0.846724199228756,,,
2025-01-04T23:30+02:00[Asia/Jerusalem],4508448.333,0.793353340297833,-0.608761429000122,6.85429010602174,12.6500001549721,-0.856524555478651,,,
2025-01-05T00:00+02:00[Asia/Jerusalem],4307640.833,0.8660254037849,-0.4999999999992,6.5625,14.0437501072884,-0.866025403783725,,,
2025-01-05T00:30+02:00[Asia/Jerusalem],4046588.333,0.923879532513415,-0.382683432359953,5.68562010966711,13.9437498450279,-0.875223421908384,,,
2025-01-05T01:00+02:00[Asia/Jerusalem],3860843.333,0.965925826287941,-0.258819045106727,5.66325660285491,13.5999999046326,-0.884115393504562,,,
2025-01-05T01:30+02:00[Asia/Jerusalem],3701706,0.991444861373847,-0.130526192219771,5.5639730827685,13.2000002264977,-0.892698209243864,,,
2025-01-05T02:00+02:00[Asia/Jerusalem],3582592.5,1,-0.00000000000963226397,5.50014769218657,12.7375000119209,-0.900968867901371,,,
2025-01-05T02:30+02:00[Asia/Jerusalem],3479058.333,0.991444861374462,0.130526192215099,5.4466905861976,12.0562497973442,-0.90892447741148,,,
2025-01-05T03:00+02:00[Asia/Jerusalem],3454947.5,0.965925826292927,0.258819045088119,6,11.5124999880791,-0.91656225586954,,,
2025-01-05T03:30+02:00[Asia/Jerusalem],3409020,0.923879532515218,0.382683432355599,5.90000009536743,11.25,-0.923879532511123,,,
2025-01-05T04:00+02:00[Asia/Jerusalem],3458365.833,0.866025403794533,0.499999999982517,5.80000016093254,11.1062503457069,-0.930873748642961,,,
2025-01-05T04:30+02:00[Asia/Jerusalem],3535282.5,0.793353340291843,0.608761429007928,5.70624983310699,11.0500001907349,-0.937542458544311,,,
2025-01-05T05:00+02:00[Asia/Jerusalem],3686482.5,0.707106781183975,0.70710678118912,5.70624983310699,10.9937499761581,-0.943883330308882,,,
2025-01-05T05:30+02:00[Asia/Jerusalem],3831132.5,0.6087614290137,0.793353340287414,5.04196577736967,10.8562499284744,-0.949894146672403,,,
2025-01-05T06:00+02:00[Asia/Jerusalem],4108936.667,0.50000000000142,0.866025403783619,4.86714073502145,10.7437500357628,-0.955572805785918,,,
2025-01-05T06:30+02:00[Asia/Jerusalem],4377659.167,0.382683432375765,0.923879532506865,4.92335760760841,10.5562501549721,-0.960917321945074,,,
2025-01-05T07:00+02:00[Asia/Jerusalem],4648652.5,0.258819045109203,0.965925826287278,5.41514031501276,10.7187498211861,-0.965925826289216,,,
2025-01-05T07:30+02:00[Asia/Jerusalem],4747347.5,0.130526192222313,0.991444861373513,6.8619797203259,11.4687498211861,-0.970596567452812,,,
2025-01-05T08:00+02:00[Asia/Jerusalem],4784040,0.00000000001219560812,1,9.15625008940697,12.7687500119209,-0.974927912181436,,,
2025-01-05T08:30+02:00[Asia/Jerusalem],4917634.167,-0.130526192212558,0.991444861374797,10.9437498450279,14.6000003218651,-0.978918345897428,,,
2025-01-05T09:00+02:00[Asia/Jerusalem],4914801.667,-0.258819045085643,0.965925826293591,12.5437497496605,16.4374998807907,-0.982566473233211,,,
2025-01-05T09:30+02:00[Asia/Jerusalem],4828236.667,-0.382683432366675,0.92387953251063,13.9000000357628,18,-0.985871018518277,,,
2025-01-05T10:00+02:00[Asia/Jerusalem],4775238.333,-0.500000000005501,0.866025403781262,15.131249666214,19.3937504291534,-0.988830826225264,,,
2025-01-05T10:30+02:00[Asia/Jerusalem],4752888.333,-0.608761429005894,0.793353340293404,16.0499997735024,20.543749332428,-0.991444861374015,,,
2025-01-05T11:00+02:00[Asia/Jerusalem],4795426.667,-0.707106781187307,0.707106781185788,16.837500333786,21.4374997615814,-0.993712209893085,,,
2025-01-05T11:30+02:00[Asia/Jerusalem],4760936.667,-0.793353340285854,0.608761429015734,17.3500003814697,21.9937499761581,-0.995632078941064,,,
2025-01-05T12:00+02:00[Asia/Jerusalem],4802288.333,-0.866025403782337,0.50000000000364,17.6937506198883,22.3437495231628,-0.997203797181174,,,
2025-01-05T12:30+02:00[Asia/Jerusalem],4798753.333,-0.923879532505884,0.382683432378133,17.793749332428,22.4937499761581,-0.998426815017849,,,
2025-01-05T13:00+02:00[Asia/Jerusalem],4720078.333,-0.965925826286614,0.258819045111679,17.7999992370605,22.3874996900558,-0.999300704788309,,,
2025-01-05T13:30+02:00[Asia/Jerusalem],4705925,-0.991444861371279,0.130526192239282,17.793749332428,21.9937499761581,-0.999825160912714,,,
2025-01-05T14:00+02:00[Asia/Jerusalem],4806602,-1,0.00000000001475895227,17.5937502384186,21.4499998092651,-1,,,
2025-01-05T14:30+02:00[Asia/Jerusalem],4889940,-0.991444861373232,-0.130526192224444,17.1999998092651,20.8437502384186,-0.999825160912754,,,
2025-01-05T15:00+02:00[Asia/Jerusalem],4901633.333,-0.965925826286722,-0.258819045111279,16.7437499761581,20.1499997377396,-0.999300704788389,,,
2025-01-05T15:30+02:00[Asia/Jerusalem],4973570,-0.923879532511611,-0.382683432364306,16.1499996781349,19.3500003814697,-0.998426815017765,,,
2025-01-05T16:00+02:00[Asia/Jerusalem],5100901.667,-0.866025403782544,-0.500000000003281,15.4937499761581,18.4437507390976,-0.997203797181062,,,
2025-01-05T16:30+02:00[Asia/Jerusalem],5246701.667,-0.793353340294964,-0.608761429003861,14.6999998688698,17.4500007629395,-0.995632078941264,,,
2025-01-05T17:00+02:00[Asia/Jerusalem],5438805.833,-0.7071067811876,-0.707106781185495,14.0187500119209,16.5687502622604,-0.993712209893324,,,
2025-01-05T17:30+02:00[Asia/Jerusalem],5609621.667,-0.608761429017768,-0.793353340284293,13.7437499761581,16.0500001311302,-0.991444861373819,,,
2025-01-05T18:00+02:00[Asia/Jerusalem],5699379.167,-0.50000000000586,-0.866025403781055,13.456249833107,15.5937498807907,-0.988830826225582,,,
2025-01-05T18:30+02:00[Asia/Jerusalem],5756910.833,-0.382683432380501,-0.923879532504903,13.2000002264977,15.1062499284744,-0.985871018518635,,,
2025-01-05T19:00+02:00[Asia/Jerusalem],5755412.5,-0.258819045114155,-0.965925826285951,12.9000000953674,14.7000002264976,-0.982566473233608,,,
2025-01-05T19:30+02:00[Asia/Jerusalem],5745867.5,-0.130526192241823,-0.991444861370944,12.5999999046326,14.2999997735024,-0.978918345897865,,,
2025-01-05T20:00+02:00[Asia/Jerusalem],5663256.667,-0.00000000000277038119,-1,12.2999997735024,13.8499999046326,-0.974927912181912,,,
2025-01-05T20:30+02:00[Asia/Jerusalem],5585145,0.130526192221902,-0.991444861373567,12.1000003218651,13.3499999046326,-0.970596567453327,,,
2025-01-05T21:00+02:00[Asia/Jerusalem],5429161.667,0.258819045108803,-0.965925826287385,12.0625001788139,12.9000000953674,-0.965925826288828,,,
2025-01-05T21:30+02:00[Asia/Jerusalem],5262575.833,0.382683432361938,-0.923879532512592,12.25,12.5062500238419,-0.960917321945666,,,
2025-01-05T22:00+02:00[Asia/Jerusalem],5074577.5,0.500000000001062,-0.866025403783826,12.3937496542931,12.3062501549721,-0.955572805786549,,,
2025-01-05T22:30+02:00[Asia/Jerusalem],4932898.333,0.608761429001827,-0.793353340296525,12.3999996185303,12.3000001907349,-0.949894146673072,,,
2025-01-05T23:00+02:00[Asia/Jerusalem],4671610,0.707106781183682,-0.707106781189413,12.4499998092651,12.2437500357628,-0.943883330308387,,,
2025-01-05T23:30+02:00[Asia/Jerusalem],4378500,0.793353340282733,-0.608761429019801,12.6500001549721,12.0937501788139,-0.937542458545055,,,
2025-01-06T00:00+02:00[Asia/Jerusalem],4220351.667,0.866025403779774,-0.50000000000808,14.0437501072884,12.4000002741814,-0.930873748645071,,,
2025-01-06T00:30+02:00[Asia/Jerusalem],4011931.667,0.923879532503922,-0.38268343238287,13.9437498450279,12,-0.923879532511941,,,
2025-01-06T01:00+02:00[Asia/Jerusalem],3832671.667,0.965925826289054,-0.258819045102575,13.5999999046326,11.7187498211861,-0.916562255870395,,,
2025-01-06T01:30+02:00[Asia/Jerusalem],3687049.167,0.991444861374408,-0.13052619221551,13.2000002264977,11.9000000953674,-0.908924477412371,,,
2025-01-06T02:00+02:00[Asia/Jerusalem],3597817.5,1,-0.00000000000533372534,12.7375000119209,12.087500333786,-0.900968867902299,,,
2025-01-06T02:30+02:00[Asia/Jerusalem],3521181.667,0.991444861373901,0.130526192219361,12.0562497973442,11.956249833107,-0.892698209243188,,,
2025-01-06T03:00+02:00[Asia/Jerusalem],3484804.167,0.965925826291815,0.258819045092271,11.5124999880791,11.8374999165535,-0.884115393505561,,,
2025-01-06T03:30+02:00[Asia/Jerusalem],3473448.333,0.923879532513573,0.38268343235957,11.25,11.5562501549721,-0.875223421909418,,,
2025-01-06T04:00+02:00[Asia/Jerusalem],3455095.833,0.866025403785107,0.499999999998842,11.1062503457069,11.2874997258186,-0.866025403784794,,,
2025-01-06T04:30+02:00[Asia/Jerusalem],3509936.667,0.793353340298085,0.608761428999793,11.0500001907349,10.8062497377396,-0.856524555477876,,,
2025-01-06T05:00+02:00[Asia/Jerusalem],3687740.833,0.707106781191225,0.70710678118187,10.9937499761581,10.3499999046326,-0.846724199229893,,,
2025-01-06T05:30+02:00[Asia/Jerusalem],3794042.5,0.608761429021835,0.793353340281172,10.8562499284744,9.43356508676996,-0.836627762007713,,,
2025-01-06T06:00+02:00[Asia/Jerusalem],4034028.333,0.499999999997698,0.866025403785768,10.7437500357628,9.13610821470087,-0.826238774314903,,,
2025-01-06T06:30+02:00[Asia/Jerusalem],4215388.333,0.382683432358349,0.923879532514079,10.5562501549721,8.96500092243203,-0.81556086895986,,,
2025-01-06T07:00+02:00[Asia/Jerusalem],4568966.667,0.258819045105051,0.96592582628839,10.7187498211861,9.18293134895905,-0.80459777976689,,,
2025-01-06T07:30+02:00[Asia/Jerusalem],4519769.167,0.130526192218051,0.991444861374074,11.4687498211861,10.7562499642372,-0.79335334029106,,,
2025-01-06T08:00+02:00[Asia/Jerusalem],4491131.667,0.00000000000789706949,1,12.7687500119209,12.0062500238419,-0.781831482467437,,,
2025-01-06T08:30+02:00[Asia/Jerusalem],4494266.667,-0.130526192216819,0.991444861374236,14.6000003218651,13.293750166893,-0.770036235240555,,,
2025-01-06T09:00+02:00[Asia/Jerusalem],4493267.5,-0.258819045089795,0.965925826292478,16.4374998807907,14.4437498450279,-0.757971723146342,,,
2025-01-06T09:30+02:00[Asia/Jerusalem],4433985.833,-0.382683432357202,0.923879532514554,18,15.3937500715256,-0.745642164883632,,,
2025-01-06T10:00+02:00[Asia/Jerusalem],4402235.833,-0.499999999984019,0.866025403793665,19.3937504291534,16.1437497138977,-0.733051871829852,,,
2025-01-06T10:30+02:00[Asia/Jerusalem],4351016.667,-0.60876142899776,0.793353340299646,20.543749332428,16.7437499761581,-0.720205246538217,,,
2025-01-06T11:00+02:00[Asia/Jerusalem],4318810,-0.707106781180057,0.707106781193038,21.4374997615814,17.206249833107,-0.70710678118821,,,
2025-01-06T11:30+02:00[Asia/Jerusalem],4265075.833,-0.793353340297329,0.608761429000779,21.9937499761581,17.6937497854233,-0.693761056027137,,,
2025-01-06T12:00+02:00[Asia/Jerusalem],4267864.167,-0.866025403784486,0.499999999999917,22.3437495231628,18.043750166893,-0.680172737771671,,,
2025-01-06T12:30+02:00[Asia/Jerusalem],4282680.833,-0.923879532513098,0.382683432360718,22.4937499761581,18.3000001907349,-0.666346577952275,,,
2025-01-06T13:00+02:00[Asia/Jerusalem],4338908.333,-0.965925826287727,0.258819045107527,22.3874996900558,18.543750166893,-0.652287411277894,,,
2025-01-06T13:30+02:00[Asia/Jerusalem],4419762.5,-0.991444861373739,0.130526192220592,21.9937499761581,18.6500005722046,-0.638000153932268,,,
2025-01-06T14:00+02:00[Asia/Jerusalem],4496188.333,-1,0.00000000001046041365,21.4499998092651,18.6437505483627,-0.623489801860308,,,
2025-01-06T14:30+02:00[Asia/Jerusalem],4573958.333,-0.991444861374571,-0.130526192214278,20.8437502384186,18.4499998092651,-0.608761429009793,,,
2025-01-06T15:00+02:00[Asia/Jerusalem],4653572.5,-0.965925826293142,-0.258819045087319,20.1499997377396,18.1374996900558,-0.593820185574056,,,
2025-01-06T15:30+02:00[Asia/Jerusalem],4762622.5,-0.923879532515535,-0.382683432354833,19.3500003814697,17.543750166893,-0.578671296182795,,,
2025-01-06T16:00+02:00[Asia/Jerusalem],4851060,-0.866025403794947,-0.499999999981799,18.4437507390976,16.7437499761581,-0.563320058066103,,,
2025-01-06T16:30+02:00[Asia/Jerusalem],5030375.833,-0.793353340292348,-0.608761429007271,17.4500007629395,15.75,-0.547771839216785,,,
2025-01-06T17:00+02:00[Asia/Jerusalem],0,-0.707106781184561,-0.707106781188534,16.5687502622604,14.8687499165535,-0.532032076513677,,,
2025-01-06T17:30+02:00[Asia/Jerusalem],0,-0.608761429002813,-0.793353340295769,16.0500001311302,14.3499999046326,-0.516106273808376,,,
2025-01-06T18:00+02:00[Asia/Jerusalem],0,-0.500000000002137,-0.866025403783205,15.5937498807907,13.8937500715256,-0.500000000000305,,,
2025-01-06T18:30+02:00[Asia/Jerusalem],0,-0.382683432363086,-0.923879532512117,15.1062499284744,13.4062501192093,-0.483718887104969,,,
2025-01-06T19:00+02:00[Asia/Jerusalem],0,-0.258819045110003,-0.965925826287064,14.7000002264976,12.9500002861023,-0.467268628272202,,,
2025-01-06T19:30+02:00[Asia/Jerusalem],0,-0.130526192223134,-0.991444861373405,14.2999997735024,12.5062500238419,-0.450654975801734,,,
2025-01-06T20:00+02:00[Asia/Jerusalem],0,-0.0000000000130237578,-1,13.8499999046326,12.1937502026558,-0.433883739118766,,,
2025-01-06T20:30+02:00[Asia/Jerusalem],0,0.130526192211737,-0.991444861374905,13.3499999046326,11.8499999642372,-0.416960782761945,,,
2025-01-06T21:00+02:00[Asia/Jerusalem],0,0.258819045084843,-0.965925826293805,12.9000000953674,11.5500001907349,-0.39989202432309,,,
2025-01-06T21:30+02:00[Asia/Jerusalem],0,0.38268343236591,-0.923879532510947,12.5062500238419,11.2062502503395,-0.382683432364493,,,
2025-01-06T22:00+02:00[Asia/Jerusalem],0,0.500000000004784,-0.866025403781677,12.3062501549721,10.8374999165535,-0.365341024365177,,,
2025-01-06T22:30+02:00[Asia/Jerusalem],0,0.608761429005237,-0.793353340293908,12.3000001907349,10.2562499642372,-0.347870864583379,,,
2025-01-06T23:00+02:00[Asia/Jerusalem],0,0.707106781186722,-0.707106781186373,12.2437500357628,9.79999977350235,-0.330279061956115,,,
2025-01-06T23:30+02:00[Asia/Jerusalem],0,0.793353340285349,-0.608761429016391,12.0937501788139,9.37500005960465,-0.312571767945969,,,
