Time, trainValue,dayCosFactor,daySinFactor,temperature,weekCosFactor,weekSinFactor,yearCosFactor,yearSinFactor
2024-12-31T00:00+02:00[Asia/Jerusalem],4456863.333,0.866025403788706,-0.499999999992609,10.4624998569489,-0.294755174411229,-0.955572805786041,0.975381879110975,0.220522538308319
2024-12-31T00:30+02:00[Asia/Jerusalem],4201784.167,0.923879532510759,-0.382683432366365,10.5,-0.276835511424539,-0.960917321945189,0.975302730545136,0.220872324638469
2024-12-31T01:00+02:00[Asia/Jerusalem],4030360,0.965925826289911,-0.258819045099375,10.5,-0.258819045101569,-0.965925826289323,0.975223456540752,0.221222082561187
2024-12-31T01:30+02:00[Asia/Jerusalem],3905512.5,0.991444861372941,-0.130526192226653,10.5,-0.240712075407374,-0.970596567453788,0.975144057108042,0.221571812031377
2024-12-31T02:00+02:00[Asia/Jerusalem],3860405.833,1,-2.0211266183532E-12,10.5,-0.222520933957609,-0.974927912181528,0.975064532257194,0.22192151300417
2024-12-31T02:30+02:00[Asia/Jerusalem],3818067.5,0.991444861375368,0.130526192208218,10.5,-0.204251981790332,-0.978918345897512,0.974984881998461,0.222271185434478
2024-12-31T03:00+02:00[Asia/Jerusalem],3759223.333,0.965925826290957,0.25881904509547,10.4437498450279,-0.185911607162918,-0.982566473233288,0.974905106342061,0.22262082927744
2024-12-31T03:30+02:00[Asia/Jerusalem],3731932.5,0.923879532512305,0.38268343236263,10.25,-0.167506223307673,-0.985871018517737,0.974825205298281,0.222970444487974
2024-12-31T04:00+02:00[Asia/Jerusalem],3764677.5,0.866025403790727,0.499999999989108,10.0500001311302,-0.149042266178465,-0.988830826224783,0.974745178877371,0.223320031021226
2024-12-31T04:30+02:00[Asia/Jerusalem],3831809.167,0.793353340296069,0.608761429002422,7.68444027673143,-0.130526192221691,-0.991444861373595,0.97466502708965,0.223669588832123
2024-12-31T05:00+02:00[Asia/Jerusalem],3991174.167,0.707106781199173,0.707106781173922,7.42690060562402,-0.111964476104293,-0.993712209893132,0.974584749945401,0.224019117875818
2024-12-31T05:30+02:00[Asia/Jerusalem],4051748.333,0.608761429007662,0.793353340292047,7.3699870607175,-0.0933636084532784,-0.995632078941103,0.974504347454949,0.224368618107355
2024-12-31T06:00+02:00[Asia/Jerusalem],4199905.833,0.499999999994829,0.866025403787424,7.26144853783982,-0.0747300935860919,-0.997203797181205,0.974423819628672,0.224718089481618
2024-12-31T06:30+02:00[Asia/Jerusalem],4353771.667,0.382683432368733,0.923879532509778,7.08434386040218,-0.0560704472361976,-0.998426815017873,0.974343166476891,0.225067531953825
2024-12-31T07:00+02:00[Asia/Jerusalem],4727934.167,0.258819045101851,0.965925826289248,7.17579099307136,-0.037391194278304,-0.999300704788324,0.974262388010002,0.225416945478923
2024-12-31T07:30+02:00[Asia/Jerusalem],5019478.333,0.130526192229194,0.991444861372607,10.0999999046326,-0.0186988664322194,-0.999825160912722,0.974181484238371,0.225766330012082
2024-12-31T08:00+02:00[Asia/Jerusalem],5246314.167,4.58447076994772E-12,1,10.3874996304512,-6.54924395706817E-13,-1,0.974100455172428,0.226115685508255
2024-12-31T08:30+02:00[Asia/Jerusalem],5374249.167,-0.130526192205676,0.991444861375703,10.4499998092651,0.0186988664309098,-0.999825160912746,0.974019300822569,0.226465011922621
2024-12-31T09:00+02:00[Asia/Jerusalem],5574146.667,-0.258819045092994,0.965925826291621,10.6687501072884,0.0373911942733597,-0.99930070478851,0.973938021199258,0.226814309210141
2024-12-31T09:30+02:00[Asia/Jerusalem],5701729.167,-0.382683432346818,0.923879532518855,11.3000001907349,0.0560704472348898,-0.998426815017946,0.973856616312922,0.227163577325999
2024-12-31T10:00+02:00[Asia/Jerusalem],5710022.5,-0.499999999986888,0.866025403792009,11.9437502622604,0.0747300935847857,-0.997203797181303,0.973775086174058,0.227512816225165
2024-12-31T10:30+02:00[Asia/Jerusalem],5680655.833,-0.608761429011933,0.79335334028877,12.4000000953674,0.0933636084519742,-0.995632078941225,0.973693430793112,0.227862025862888
2024-12-31T11:00+02:00[Asia/Jerusalem],5640815.833,-0.707106781192689,0.707106781180406,12.7437499761581,0.111964476102992,-0.993712209893278,0.973611650180625,0.228211206194087
2024-12-31T11:30+02:00[Asia/Jerusalem],5740877.5,-0.793353340290487,0.608761429009696,12.9499998688698,0.130526192220393,-0.991444861373765,0.973529744347116,0.228560357173852
2024-12-31T12:00+02:00[Asia/Jerusalem],5743247.5,-0.866025403786142,0.499999999997049,13.0937503576279,0.14904226617717,-0.988830826224979,0.973447713303093,0.228909478757389
2024-12-31T12:30+02:00[Asia/Jerusalem],5731940.833,-0.923879532508797,0.382683432371101,13.0937503576279,0.167506223302795,-0.985871018518566,0.973365557059132,0.229258570899684
2024-12-31T13:00+02:00[Asia/Jerusalem],5709674.167,-0.965925826288584,0.258819045104327,12.9499998688698,0.185911607161631,-0.982566473233531,0.973283275625774,0.22960763355595
2024-12-31T13:30+02:00[Asia/Jerusalem],5747512.5,-0.991444861372272,0.130526192231736,12.7562499642372,0.20425198178905,-0.97891834589778,0.973200869013628,0.229956666681181
2024-12-31T14:00+02:00[Asia/Jerusalem],5751415.833,-1,7.14781492154224E-12,12.7624999880791,0.222520933956332,-0.974927912181819,0.973118337233265,0.230305670230597
2024-12-31T14:30+02:00[Asia/Jerusalem],5704918,-0.991444861376037,-0.130526192203135,13.0500001907349,0.240712075406103,-0.970596567454103,0.973035680295328,0.230654644159201
2024-12-31T15:00+02:00[Asia/Jerusalem],5718562.5,-0.965925826292284,-0.258819045090518,13.2312500476837,0.258819045100304,-0.965925826289662,0.972952898210421,0.231003588422219
2024-12-31T15:30+02:00[Asia/Jerusalem],5744985.833,-0.923879532508698,-0.382683432371338,12.9937499761581,0.276835511426777,-0.960917321944544,0.972869990989204,0.231352502974717
2024-12-31T16:00+02:00[Asia/Jerusalem],5821448.333,-0.866025403786014,-0.499999999997271,12.5999999046326,0.294755174409977,-0.955572805786427,0.97278695864234,0.231701387771819
2024-12-31T16:30+02:00[Asia/Jerusalem],5919427.5,-0.793353340290331,-0.608761429009899,12.1500000953674,0.312571767945352,-0.949894146672942,0.972703801180508,0.232050242768653
2024-12-31T17:00+02:00[Asia/Jerusalem],6159950.833,-0.707106781182218,-0.707106781190877,11.7062502503395,0.330279061955502,-0.94388333030825,0.972620518614417,0.232399067920297
2024-12-31T17:30+02:00[Asia/Jerusalem],6284206.667,-0.608761429011729,-0.793353340288926,11.4000000953674,0.347870864586181,-0.937542458543645,0.972537110954752,0.232747863181997
2024-12-31T18:00+02:00[Asia/Jerusalem],6300950.833,-0.499999999999269,-0.866025403784861,11.1437500715256,0.365341024364572,-0.93087374864492,0.972453578212266,0.233096628508781
2024-12-31T18:30+02:00[Asia/Jerusalem],6290273.333,-0.38268343237347,-0.923879532507816,10.8562499284744,0.382683432363893,-0.923879532511783,0.972369920397677,0.233445363855904
2024-12-31T19:00+02:00[Asia/Jerusalem],6241140.833,-0.258819045106803,-0.965925826287921,10.6562501192093,0.39989202431916,-0.916562255870229,0.972286137521771,0.233794069178403
2024-12-31T19:30+02:00[Asia/Jerusalem],6171002.5,-0.130526192234277,-0.991444861371937,10.5500001907349,0.416960782761355,-0.908924477412199,0.972202229595297,0.234142744431539
2024-12-31T20:00+02:00[Asia/Jerusalem],6041595,-9.71115907313675E-12,-1,10.4499998092651,0.433883739114904,-0.900968867903698,0.972118196629074,0.234491389570358
2024-12-31T20:30+02:00[Asia/Jerusalem],5892244.167,0.130526192200593,-0.991444861376372,10.3937496542931,0.450654975797906,-0.892698209244641,0.972034038633882,0.234840004550128
2024-12-31T21:00+02:00[Asia/Jerusalem],5699575.833,0.258819045102099,-0.965925826289181,10.25,0.467268628274845,-0.884115393503668,0.97194975562056,0.235188589325957
2024-12-31T21:30+02:00[Asia/Jerusalem],5478265.833,0.38268343236897,-0.923879532509679,10.1000003218651,0.4837188871044,-0.875223421909218,0.971865347599947,0.235537143853013
2024-12-31T22:00+02:00[Asia/Jerusalem],5310472.5,0.499999999995051,-0.866025403787296,8.97285382686861,0.499999999999743,-0.866025403784587,0.971780814582899,0.235885668086465
2024-12-31T22:30+02:00[Asia/Jerusalem],5108118.333,0.608761429007865,-0.793353340291891,8.74766670152761,0.51610627380782,-0.856524555477663,0.971696156580301,0.236234161981434
2024-12-31T23:00+02:00[Asia/Jerusalem],4887595,0.707106781178774,-0.707106781194321,8.58654486649218,0.532032076516207,-0.846724199227737,0.971611373603017,0.236582625493207
2024-12-31T23:30+02:00[Asia/Jerusalem],4662282.5,0.793353340287366,-0.608761429013763,8.41979088831392,0.547771839216242,-0.836627762007486,0.971526465661976,0.236931058576858
2025-01-01T00:00+02:00[Asia/Jerusalem],4413500,0.866025403783579,-0.500000000001488,8.06032379559554,0.56332005806256,-0.826238774316719,0.971441432768071,0.237279461187682
2025-01-01T00:30+02:00[Asia/Jerusalem],4209675,0.923879532506835,-0.382683432375838,7.81912898170522,0.578671296179298,-0.81556086895962,0.971356274932268,0.237627833280759
2025-01-01T01:00+02:00[Asia/Jerusalem],4018262.5,0.965925826287257,-0.258819045109279,7.95625004172325,0.593820185570607,-0.804597779768805,0.97127099216549,0.237976174811395
2025-01-01T01:30+02:00[Asia/Jerusalem],3916225,0.991444861371603,-0.130526192236818,7.94374999403954,0.608761429006392,-0.793353340293022,0.971185584478735,0.238324485734677
2025-01-01T02:00+02:00[Asia/Jerusalem],3931564.167,1,2.27741200363558E-12,10.4625000953674,0.623489801859801,-0.781831482467179,0.971100051882945,0.238672766005971
2025-01-01T02:30+02:00[Asia/Jerusalem],3855615.833,0.991444861372908,0.130526192226907,10.6000003814697,0.63800015393457,-0.770036235237969,0.971014394389176,0.239021015580264
2025-01-01T03:00+02:00[Asia/Jerusalem],3791942.5,0.965925826289845,0.258819045099623,10.5500001907349,0.652287411277402,-0.757971723146072,0.970928612008405,0.239369234412931
2025-01-01T03:30+02:00[Asia/Jerusalem],3758080.833,0.92387953251066,0.382683432366602,10.4937499761581,0.666346577951791,-0.745642164883356,0.97084270475169,0.239717422459075
2025-01-01T04:00+02:00[Asia/Jerusalem],3769839.167,0.866025403788578,0.499999999992831,10.4062496423721,0.680172737771195,-0.73305187182957,0.970756672630054,0.240065579674025
2025-01-01T04:30+02:00[Asia/Jerusalem],3814513.333,0.793353340293452,0.608761429005832,10.3999996185303,0.69376105602929,-0.720205246535406,0.970670515654576,0.240413706012947
2025-01-01T05:00+02:00[Asia/Jerusalem],3954474.167,0.707106781196133,0.707106781176962,10.3937496542931,0.707106781185178,-0.707106781187917,0.97058423383635,0.240761801431012
2025-01-01T05:30+02:00[Asia/Jerusalem],4042889.167,0.608761429015797,0.793353340285806,10.3062501549721,0.720205246535243,-0.693761056029459,0.970497827186446,0.241109865883559
2025-01-01T06:00+02:00[Asia/Jerusalem],4120856.667,0.500000000016311,0.866025403775022,10.3000001907349,0.73305187182941,-0.680172737771368,0.970411295716004,0.241457899325713
2025-01-01T06:30+02:00[Asia/Jerusalem],4166786.667,0.382683432378206,0.923879532505854,10.3062501549721,0.745642164880775,-0.666346577954679,0.970324639436127,0.241805901712821
2025-01-01T07:00+02:00[Asia/Jerusalem],4355415.833,0.258819045097699,0.96592582629036,10.6187499165535,0.757971723145918,-0.652287411277581,0.970237858357973,0.242153873000069
2025-01-01T07:30+02:00[Asia/Jerusalem],4573753.333,0.130526192210505,0.991444861375067,11.456249833107,0.77003623524014,-0.638000153931949,0.970150952492704,0.242501813142704
2025-01-01T08:00+02:00[Asia/Jerusalem],4762084.167,2.85932147958939E-13,1,12.3937500715256,0.7818314824693,-0.62348980185714,0.970063921851511,0.242849722095919
2025-01-01T08:30+02:00[Asia/Jerusalem],4880331.667,-0.130526192224365,0.991444861373243,13.1500000953674,0.793353340290664,-0.608761429009464,0.96997676644556,0.24319759981508
2025-01-01T09:00+02:00[Asia/Jerusalem],5033075,-0.258819045097146,0.965925826290508,13.7937497496605,0.804597779766505,-0.593820185573723,0.969889486286088,0.243545446255333
2025-01-01T09:30+02:00[Asia/Jerusalem],5039712.5,-0.382683432364233,0.923879532511641,14.2937497496605,0.815560868959484,-0.57867129617949,0.969802081384292,0.24389326137205
2025-01-01T10:00+02:00[Asia/Jerusalem],5001906.667,-0.499999999990611,0.866025403789859,14.7000002264976,0.826238774314537,-0.563320058065761,0.969714551751429,0.244241045120442
2025-01-01T10:30+02:00[Asia/Jerusalem],4956075,-0.608761429003798,0.793353340295012,15.0999999046326,0.836627762005365,-0.547771839219483,0.969626897398769,0.244588797455723
2025-01-01T11:00+02:00[Asia/Jerusalem],4917588.333,-0.707106781175149,0.707106781197946,15.5,0.846724199227612,-0.532032076516406,0.969539118337559,0.244936518333279
2025-01-01T11:30+02:00[Asia/Jerusalem],4889865.833,-0.793353340284245,0.60876142901783,15.8937501311302,0.856524555477541,-0.516106273808021,0.969451214579116,0.245284207708276
2025-01-01T12:00+02:00[Asia/Jerusalem],4894842.5,-0.86602540377374,0.500000000018531,16.1500004529953,0.86602540378265,-0.500000000003097,0.969363186134718,0.245631865536106
2025-01-01T12:30+02:00[Asia/Jerusalem],4898320.833,-0.923879532510442,0.38268343236713,16.3999997377396,0.875223421909104,-0.483718887104606,0.969275033015701,0.245979491772001
2025-01-01T13:00+02:00[Asia/Jerusalem],4925557.5,-0.965925826289697,0.258819045100175,16.6000003814697,0.884115393505258,-0.467268628271836,0.969186755233402,0.24632708637125
2025-01-01T13:30+02:00[Asia/Jerusalem],4975550,-0.991444861374733,0.130526192213046,16.7437499761581,0.892698209242895,-0.450654975801364,0.96909835279919,0.246674649289093
2025-01-01T14:00+02:00[Asia/Jerusalem],5052025.833,-1,2.84927629955346E-12,16.793749332428,0.900968867902017,-0.433883739118393,0.969009825724406,0.247022180480937
2025-01-01T14:30+02:00[Asia/Jerusalem],5065956.667,-0.991444861373577,-0.130526192221824,16.6562504768372,0.9089244774121,-0.416960782761568,0.968921174020464,0.247369679901976
2025-01-01T15:00+02:00[Asia/Jerusalem],5023235,-0.965925826291172,-0.258819045094671,16.4875000715256,0.916562255870135,-0.399892024319376,0.968832397698738,0.247717147507625
2025-01-01T15:30+02:00[Asia/Jerusalem],5038779.167,-0.923879532512622,-0.382683432361865,16.0937502980232,0.9238795325103,-0.382683432367471,0.968743496770674,0.248064583253085
2025-01-01T16:00+02:00[Asia/Jerusalem],5129796.667,-0.866025403791141,-0.499999999988391,15.5499997735024,0.930873748643505,-0.365341024368178,0.968654471247678,0.248411987093781
2025-01-01T16:30+02:00[Asia/Jerusalem],5338808.333,-0.793353340296573,-0.608761429001765,14.9562502503395,0.937542458543563,-0.347870864586402,0.968565321141214,0.248759358984976
2025-01-01T17:00+02:00[Asia/Jerusalem],5610930,-0.707106781199758,-0.707106781173337,14.5,0.943883330308173,-0.330279061955724,0.968476046462763,0.249106698881938
2025-01-01T17:30+02:00[Asia/Jerusalem],5776086.667,-0.608761429008319,-0.793353340291543,14.1062498688698,0.949894146672868,-0.312571767945576,0.968386647223763,0.249454006740158
2025-01-01T18:00+02:00[Asia/Jerusalem],5850856.667,-0.499999999995546,-0.86602540378701,13.7999997735024,0.955572805786357,-0.294755174410202,0.96829712343577,0.249801282514749
2025-01-01T18:30+02:00[Asia/Jerusalem],5874371.667,-0.382683432369498,-0.923879532509461,13.5500001311302,0.960917321945486,-0.276835511423507,0.968207475110255,0.250148526161209
2025-01-01T19:00+02:00[Asia/Jerusalem],5856010,-0.258819045102651,-0.965925826289034,13.3499999046326,0.96592582628866,-0.258819045104045,0.968117702258776,0.250495737634769
2025-01-01T19:30+02:00[Asia/Jerusalem],5836744.167,-0.130526192230015,-0.991444861372499,13.1562501192093,0.97059656745317,-0.240712075409862,0.968027804892853,0.250842916890881
2025-01-01T20:00+02:00[Asia/Jerusalem],5784620,-5.41262045114798E-12,-1,13.0500001907349,0.974927912181767,-0.222520933956562,0.967937783024073,0.251190063884784
2025-01-01T20:30+02:00[Asia/Jerusalem],5721150.833,0.130526192219283,-0.991444861373912,12.9937499761581,0.978918345897732,-0.20425198178928,0.967847636663989,0.251537178571938
2025-01-01T21:00+02:00[Asia/Jerusalem],5634737.5,0.258819045092195,-0.965925826291835,12.9062496423721,0.982566473232811,-0.185911607165436,0.967757365824222,0.251884260907591
2025-01-01T21:30+02:00[Asia/Jerusalem],5520541.667,0.382683432359497,-0.923879532513603,12.8499999046326,0.985871018517917,-0.167506223306614,0.967666970516354,0.252231310847211
2025-01-01T22:00+02:00[Asia/Jerusalem],5399650,0.499999999986171,-0.866025403792423,12.75,0.988830826224943,-0.149042266177402,0.967576450752025,0.252578328346108
2025-01-01T22:30+02:00[Asia/Jerusalem],5227275.833,0.608761429011276,-0.793353340289275,12.6500000953674,0.991444861373735,-0.130526192220626,0.967485806542878,0.25292531335965
2025-01-01T23:00+02:00[Asia/Jerusalem],4974817.5,0.707106781192104,-0.707106781180991,12.543750166893,0.993712209893252,-0.111964476103225,0.96739503790057,0.25327226584321
2025-01-01T23:30+02:00[Asia/Jerusalem],4697703.333,0.793353340289983,-0.608761429010353,12.1187496781349,0.995632078941203,-0.0933636084522084,0.967304144836792,0.25361918575211
2025-01-02T00:00+02:00[Asia/Jerusalem],4429572.5,0.866025403785729,-0.499999999997766,7.25165849386338,0.997203797181285,-0.0747300935850202,0.967213127363203,0.25396607304184
2025-01-02T00:30+02:00[Asia/Jerusalem],4251915.833,0.92387953250848,-0.382683432371866,6.86324249625045,0.998426815017729,-0.0560704472387569,0.967121985491539,0.254312927667675
2025-01-02T01:00+02:00[Asia/Jerusalem],4093427.5,0.96592582628837,-0.258819045105127,6.75471511428242,0.999300704788365,-0.0373911942772301,0.967030719233493,0.254659749585116
2025-01-02T01:30+02:00[Asia/Jerusalem],4016630,0.991444861372164,-0.130526192232557,6.72697298158636,0.999825160912742,-0.0186988664311449,0.966939328600832,0.255006538749445
2025-01-02T02:00+02:00[Asia/Jerusalem],3885509.167,1,-7.9759646027425E-12,6.51889893131967,1,4.19710259790378E-13,0.966847813605282,0.25535329511617
2025-01-02T02:30+02:00[Asia/Jerusalem],3789841.667,0.991444861376146,0.130526192202314,6.33423562716023,0.999825160912794,0.0186988664283469,0.966756174258642,0.255700018640583
2025-01-02T03:00+02:00[Asia/Jerusalem],3730561.667,0.965925826292499,0.258819045089719,6.05659636904417,0.999300704788469,0.0373911942744335,0.966664410572669,0.2560467092782
2025-01-02T03:30+02:00[Asia/Jerusalem],3694685.833,0.923879532514584,0.382683432357129,5.77553773069074,0.998426815017885,0.0560704472359628,0.966572522559194,0.256393366984322
2025-01-02T04:00+02:00[Asia/Jerusalem],3728673.333,0.866025403779153,0.500000000009156,5.58813567765556,0.997203797181223,0.0747300935858573,0.966480510229991,0.256739991714528
2025-01-02T04:30+02:00[Asia/Jerusalem],3794450.833,0.793353340290835,0.608761429009242,5.36614645705248,0.995632078941125,0.0933636084530442,0.966388373596939,0.257086583424072
2025-01-02T05:00+02:00[Asia/Jerusalem],3954350.833,0.707106781182804,0.707106781190291,5.13699585105198,0.993712209893158,0.111964476104059,0.966296112671888,0.257433142068377
2025-01-02T05:30+02:00[Asia/Jerusalem],4047755.833,0.608761429012386,0.793353340288422,4.90784568895028,0.991444861373625,0.130526192221458,0.966203727466675,0.257779667602981
2025-01-02T06:00+02:00[Asia/Jerusalem],4218428.333,0.499999999999986,0.866025403784447,4.61923037512153,0.988830826225361,0.149042266174635,0.96611121799321,0.258126159983205
2025-01-02T06:30+02:00[Asia/Jerusalem],4314232.5,0.382683432374235,0.923879532507499,4.3994336003872,0.985871018518386,0.167506223303855,0.966018584263364,0.258472619164595
2025-01-02T07:00+02:00[Asia/Jerusalem],4547610.833,0.258819045107603,0.965925826287707,4.78595262865315,0.982566473233331,0.185911607162687,0.965925826289079,0.258819045102482
2025-01-02T07:30+02:00[Asia/Jerusalem],4748238.333,0.130526192235098,0.991444861371829,6.12578506719115,0.978918345898304,0.20425198178654,0.965832944082255,0.259165437752419
2025-01-02T08:00+02:00[Asia/Jerusalem],4877245.833,1.0539308754337E-11,1,8.17909436589189,0.97492791218239,0.222520933953833,0.965739937654869,0.259511797069745
2025-01-02T08:30+02:00[Asia/Jerusalem],4957604.167,-0.130526192199772,0.99144486137648,10.7562499642372,0.970596567453844,0.240712075407146,0.965646807018854,0.259858123010024
2025-01-02T09:00+02:00[Asia/Jerusalem],5022000.833,-0.258819045101299,0.965925826289396,12.5874999165535,0.965925826288443,0.258819045104856,0.965553552186186,0.260204415528713
2025-01-02T09:30+02:00[Asia/Jerusalem],5077623.333,-0.382683432368205,0.923879532509996,14.1937502622604,0.960917321945254,0.276835511424313,0.965460173168904,0.260550674581108
2025-01-02T10:00+02:00[Asia/Jerusalem],5067570,-0.500000000006936,0.866025403780434,15.5874999165535,0.95557280578611,0.294755174411004,0.965366669978974,0.26089690012284
2025-01-02T10:30+02:00[Asia/Jerusalem],5023001.667,-0.608761429007208,0.793353340292396,16.5937495231628,0.949894146672606,0.312571767946373,0.965273042628451,0.26124309210927
2025-01-02T11:00+02:00[Asia/Jerusalem],4984010,-0.707106781188479,0.707106781184616,17.2875001430511,0.943883330309097,0.330279061953083,0.965179291129348,0.261589250495981
2025-01-02T11:30+02:00[Asia/Jerusalem],4950357.5,-0.793353340286862,0.60876142901442,17.6937497854233,0.937542458544537,0.347870864583778,0.965085415493752,0.261935375238344
2025-01-02T12:00+02:00[Asia/Jerusalem],4929066.667,-0.866025403783165,0.500000000002206,17.9437497854233,0.930873748644527,0.365341024365572,0.964991415733707,0.26228146629195
2025-01-02T12:30+02:00[Asia/Jerusalem],4889489.167,-0.923879532506518,0.382683432376603,18,0.923879532511371,0.382683432364885,0.964897291861333,0.262627523612178
2025-01-02T13:00+02:00[Asia/Jerusalem],4876323.333,-0.965925826287043,0.258819045110079,18,0.916562255871254,0.399892024316811,0.964803043888706,0.262973547154629
2025-01-02T13:30+02:00[Asia/Jerusalem],4849354.167,-0.991444861371495,0.13052619223764,17.9499998092651,0.908924477413268,0.416960782759025,0.964708671827977,0.26331953687469
2025-01-02T14:00+02:00[Asia/Jerusalem],4870290.833,-1,1.31026529059315E-11,17.8437495231628,0.900968867903231,0.433883739115872,0.964614175691253,0.263665492727971
2025-01-02T14:30+02:00[Asia/Jerusalem],4901060,-0.991444861373016,-0.130526192226086,17.6000002622604,0.892698209244156,0.450654975798866,0.96451955549069,0.264011414669976
2025-01-02T15:00+02:00[Asia/Jerusalem],4950621.667,-0.965925826290059,-0.258819045098823,17.2312500476837,0.884115393504865,0.467268628272578,0.9644248112385,0.264357302656051
2025-01-02T15:30+02:00[Asia/Jerusalem],4998795,-0.923879532510977,-0.382683432365837,16.5,0.875223421908698,0.483718887105341,0.964329942946825,0.264703156641874
2025-01-02T16:00+02:00[Asia/Jerusalem],5077748.333,-0.866025403788992,-0.499999999992114,15.6374996304512,0.86602540378405,0.500000000000674,0.964234950627897,0.265048976582853
2025-01-02T16:30+02:00[Asia/Jerusalem],5309600.833,-0.793353340293956,-0.608761429005175,14.5625001192093,0.856524555478986,0.516106273805624,0.964139834293901,0.26539476243462
2025-01-02T17:00+02:00[Asia/Jerusalem],5611358.333,-0.707106781186429,-0.707106781186666,13.7562500238419,0.846724199229101,0.532032076514037,0.964044593957103,0.265740514152592
2025-01-02T17:30+02:00[Asia/Jerusalem],5857795,-0.608761429016454,-0.793353340285301,13.1500000953674,0.836627762006898,0.547771839217141,0.963949229629721,0.26608623169241
2025-01-02T18:00+02:00[Asia/Jerusalem],5964878.333,-0.500000000004426,-0.866025403781883,12.4937499761581,0.826238774316113,0.563320058063448,0.963853741324051,0.2664319150095
2025-01-02T18:30+02:00[Asia/Jerusalem],6007509.167,-0.382683432378971,-0.923879532505537,11.6499996781349,0.815560868961104,0.578671296177207,0.963758129052343,0.266777564059511
2025-01-02T19:00+02:00[Asia/Jerusalem],6028817.5,-0.258819045112555,-0.96592582628638,10.8562498688698,0.804597779768167,0.593820185571471,0.963662392826926,0.267123178797879
2025-01-02T19:30+02:00[Asia/Jerusalem],6020310,-0.130526192211326,-0.991444861374959,10.3124997615814,0.793353340290153,0.60876142901013,0.963566532660066,0.267468759180315
2025-01-02T20:00+02:00[Asia/Jerusalem],5957211.667,-1.1140818291592E-12,-1,10.0562501549721,0.781831482468777,0.623489801857796,0.963470548564154,0.267814305162156
2025-01-02T20:30+02:00[Asia/Jerusalem],5866765.833,0.130526192223544,-0.991444861373351,8.97754499726119,0.770036235239605,0.638000153932596,0.963374440551489,0.268159816699121
2025-01-02T21:00+02:00[Asia/Jerusalem],5742356.667,0.258819045096347,-0.965925826290723,8.94960724298494,0.757971723145371,0.652287411278217,0.963278208634446,0.268505293746719
2025-01-02T21:30+02:00[Asia/Jerusalem],5580761.667,0.382683432363468,-0.923879532511958,8.93091787788042,0.74564216488264,0.666346577952592,0.963181852825419,0.268850736260462
2025-01-02T22:00+02:00[Asia/Jerusalem],5423558.333,0.499999999989894,-0.866025403790274,8.97777681545854,0.733051871831314,0.680172737769316,0.96308537313677,0.269196144196029
2025-01-02T22:30+02:00[Asia/Jerusalem],5239533.333,0.608761429003141,-0.793353340295516,8.84175223312111,0.720205246537184,0.693761056027444,0.962988769580937,0.269541517508887
2025-01-02T23:00+02:00[Asia/Jerusalem],5017722.5,0.707106781174564,-0.707106781198531,8.64105213095202,0.707106781187157,0.707106781185938,0.962892042170314,0.269886856154725
2025-01-02T23:30+02:00[Asia/Jerusalem],4748615,0.793353340283741,-0.608761429018487,8.48773115873979,0.693761056028685,0.720205246535988,0.962795190917374,0.270232160089018
2025-01-03T00:00+02:00[Asia/Jerusalem],4484975,0.866025403780602,-0.500000000006646,10.4437501430511,0.680172737773247,0.733051871827667,0.962698215834542,0.270577429267463
2025-01-03T00:30+02:00[Asia/Jerusalem],4231970,0.923879532515693,-0.382683432354451,10.3437499403954,0.666346577951165,0.745642164883915,0.962601116934306,0.2709226636456
2025-01-03T01:00+02:00[Asia/Jerusalem],4028438.333,0.965925826289483,-0.258819045100975,10.0562501549721,0.652287411276766,0.757971723146619,0.962503894229153,0.271267863179027
2025-01-03T01:30+02:00[Asia/Jerusalem],3904171.667,0.991444861374625,-0.130526192213867,8.80157156284752,0.638000153933923,0.770036235238505,0.962406547731604,0.271613027823289
2025-01-03T02:00+02:00[Asia/Jerusalem],3810038.333,1,-3.67742598075372E-12,8.48847501130568,0.623489801859144,0.781831482467702,0.962309077454149,0.271958157534105
2025-01-03T02:30+02:00[Asia/Jerusalem],3732590,0.991444861373685,0.130526192221003,8.18245813008899,0.608761429008612,0.793353340291319,0.962211483409338,0.272303252267029
2025-01-03T03:00+02:00[Asia/Jerusalem],3727927.5,0.965925826291386,0.258819045093871,7.95842567906157,0.593820185572858,0.804597779767143,0.962113765609739,0.272648311977624
2025-01-03T03:30+02:00[Asia/Jerusalem],3660181.667,0.923879532512939,0.3826834323611,7.60536116878557,0.57867129618158,0.815560868958001,0.96201592406789,0.272993336621618
2025-01-03T04:00+02:00[Asia/Jerusalem],3710966.667,0.866025403791555,0.499999999987674,7.40492902374299,0.563320058064873,0.826238774315142,0.961917958796404,0.273338326154527
2025-01-03T04:30+02:00[Asia/Jerusalem],3727391.667,0.793353340297077,0.608761429001108,7.17157532679057,0.547771839218584,0.836627762005953,0.961819869807852,0.27368328053209
2025-01-03T05:00+02:00[Asia/Jerusalem],3767922.5,0.707106781200344,0.707106781172751,7.09316333693048,0.532032076515496,0.846724199228184,0.961721657114879,0.27402819970983
2025-01-03T05:30+02:00[Asia/Jerusalem],3784426.667,0.608761429020521,0.79335334028218,6.86586462340375,0.516106273810217,0.856524555476218,0.961623320730087,0.274373083643496
2025-01-03T06:00+02:00[Asia/Jerusalem],3872325.833,0.499999999996263,0.866025403786596,6.62390115982565,0.499999999999016,0.866025403785007,0.961524860666137,0.274717932288675
2025-01-03T06:30+02:00[Asia/Jerusalem],3923864.167,0.382683432356819,0.923879532514713,6.3365225608286,0.483718887103666,0.875223421909624,0.961426276935695,0.275062745601015
2025-01-03T07:00+02:00[Asia/Jerusalem],4076479.167,0.258819045103451,0.965925826288819,6.51331808427964,0.467268628274103,0.88411539350406,0.961327569551454,0.275407523536113
2025-01-03T07:30+02:00[Asia/Jerusalem],4255033.333,0.130526192216409,0.99144486137429,7.4648015859828,0.450654975800405,0.89269820924338,0.961228738526079,0.275752266049734
2025-01-03T08:00+02:00[Asia/Jerusalem],4340698.333,6.24077013234824E-12,1,9.15241340831343,0.433883739117425,0.900968867902483,0.961129783872311,0.276096973097431
2025-01-03T08:30+02:00[Asia/Jerusalem],4429327.5,-0.130526192218462,0.99144486137402,11.4500002861023,0.416960782760592,0.908924477412549,0.961030705602848,0.276441644634978
2025-01-03T09:00+02:00[Asia/Jerusalem],4566561.667,-0.258819045091395,0.965925826292049,12.9437502622604,0.399892024321726,0.91656225586911,0.960931503730448,0.276786280617991
2025-01-03T09:30+02:00[Asia/Jerusalem],4642852.5,-0.382683432358732,0.92387953251392,14.293750166893,0.382683432366478,0.923879532510712,0.960832178267884,0.277130881002089
2025-01-03T10:00+02:00[Asia/Jerusalem],4728056.667,-0.499999999985454,0.866025403792837,15.3875001072884,0.365341024367177,0.930873748643897,0.9607327292279,0.277475445743061
2025-01-03T10:30+02:00[Asia/Jerusalem],4746175,-0.608761428999074,0.793353340298637,16.1937499046326,0.347870864588805,0.937542458542672,0.960633156623319,0.277819974796482
2025-01-03T11:00+02:00[Asia/Jerusalem],4753365,-0.707106781191518,0.707106781181577,16.793750166893,0.33027906195471,0.943883330308528,0.9605334604669,0.278164468118203
2025-01-03T11:30+02:00[Asia/Jerusalem],4704082.5,-0.793353340289479,0.60876142901101,17.1937497854233,0.312571767944555,0.949894146673204,0.960433640771528,0.2785089256637
2025-01-03T12:00+02:00[Asia/Jerusalem],4657620,-0.866025403785315,0.499999999998483,17.3999996185303,0.294755174409175,0.955572805786674,0.960333697549993,0.278853347388834
2025-01-03T12:30+02:00[Asia/Jerusalem],4674704.167,-0.923879532508163,0.382683432372632,17.4937499761581,0.27683551142597,0.960917321944777,0.960233630815183,0.279197733249198
2025-01-03T13:00+02:00[Asia/Jerusalem],4701906.667,-0.965925826288156,0.258819045105927,17.4437497854233,0.258819045103007,0.965925826288938,0.960133440579935,0.279542083200608
2025-01-03T13:30+02:00[Asia/Jerusalem],4719757.5,-0.991444861373955,0.13052619221895,17.2999993562698,0.240712075408819,0.970596567453429,0.960033126857168,0.279886397198665
2025-01-03T14:00+02:00[Asia/Jerusalem],4795875.833,-1,8.80411428394276E-12,17.1437504291534,0.222520933959061,0.974927912181197,0.95993268965975,0.280230675199196
2025-01-03T14:30+02:00[Asia/Jerusalem],4891265,-0.991444861374354,-0.13052619221592,16.8499995470047,0.204251981791789,0.978918345897208,0.959832129000616,0.280574917157867
2025-01-03T15:00+02:00[Asia/Jerusalem],4907270.833,-0.965925826292713,-0.258819045088919,16.4437497854233,0.185911607164381,0.982566473233011,0.959731444892716,0.280919123030348
2025-01-03T15:30+02:00[Asia/Jerusalem],5074289.167,-0.923879532514901,-0.382683432356364,15.7937501072884,0.167506223305554,0.985871018518097,0.959630637348966,0.281263292772478
2025-01-03T16:00+02:00[Asia/Jerusalem],5184710,-0.866025403779567,-0.500000000008439,14.9437498450279,0.14904226617634,0.988830826225104,0.959529706382349,0.281607426339938
2025-01-03T16:30+02:00[Asia/Jerusalem],5206667.5,-0.793353340291339,-0.608761429008585,13.9062500596046,0.130526192219561,0.991444861373875,0.959428652005845,0.281951523688466
2025-01-03T17:00+02:00[Asia/Jerusalem],5338440,-0.70710678118339,-0.707106781189706,13.1124999523163,0.111964476102157,0.993712209893372,0.959327474232467,0.282295584773752
2025-01-03T17:30+02:00[Asia/Jerusalem],5424265.833,-0.608761429013043,-0.793353340287918,12.75,0.0933636084547605,0.995632078940964,0.959226173075197,0.282639609551654
2025-01-03T18:00+02:00[Asia/Jerusalem],5415670,-0.500000000000703,-0.866025403784033,12.3937500715256,0.0747300935875764,0.997203797181094,0.959124748547096,0.282983597977816
2025-01-03T18:30+02:00[Asia/Jerusalem],5330757.5,-0.382683432375,-0.923879532507182,11.793750166893,0.056070447237684,0.998426815017789,0.959023200661175,0.283327550008105
2025-01-03T19:00+02:00[Asia/Jerusalem],5223150,-0.258819045108403,-0.965925826287492,11,0.0373911942761563,0.999300704788405,0.958921529430528,0.283671465598175
2025-01-03T19:30+02:00[Asia/Jerusalem],5102417.5,-0.130526192235919,-0.991444861371721,10.1999998688698,0.0186988664337078,0.999825160912694,0.958819734868199,0.284015344703901
2025-01-03T20:00+02:00[Asia/Jerusalem],5018044.167,-1.13674584355373E-11,-1,9.40000009536743,2.14363389180414E-12,1,0.958717816987313,0.284359187280947
2025-01-03T20:30+02:00[Asia/Jerusalem],4930240,0.130526192213379,-0.991444861374689,8.60624992847443,-0.0186988664294213,0.999825160912774,0.958615775800945,0.284702993285199
2025-01-03T21:00+02:00[Asia/Jerusalem],4865522.5,0.258819045086443,-0.965925826293376,7.62519897256666,-0.0373911942755074,0.999300704788429,0.958513611322236,0.285046762672383
2025-01-03T21:30+02:00[Asia/Jerusalem],4794525,0.38268343236744,-0.923879532510313,7.2544175884451,-0.0560704472370357,0.998426815017825,0.958411323564325,0.285390495398285
2025-01-03T22:00+02:00[Asia/Jerusalem],4746647.5,0.500000000006219,-0.866025403780848,7.04235284246961,-0.0747300935869289,0.997203797181142,0.958308912540368,0.285734191418697
2025-01-03T22:30+02:00[Asia/Jerusalem],4627645.833,0.608761429006551,-0.7933533402929,7.08829087683655,-0.0933636084541141,0.995632078941025,0.958206378263554,0.286077850689359
2025-01-03T23:00+02:00[Asia/Jerusalem],4464057.5,0.707106781187893,-0.707106781185202,7.07761311423209,-0.111964476101512,0.993712209893445,0.958103720747036,0.286421473166181
2025-01-03T23:30+02:00[Asia/Jerusalem],4288316.667,0.793353340286358,-0.608761429015077,6.85429010602174,-0.130526192218917,0.99144486137396,0.958000940004051,0.286765058804859
2025-01-04T00:00+02:00[Asia/Jerusalem],4105821.667,0.866025403782751,-0.500000000002923,6.5625,-0.149042266175698,0.9888308262252,0.957898036047786,0.287108607561311
2025-01-04T00:30+02:00[Asia/Jerusalem],3972438.333,0.923879532506201,-0.382683432377368,5.68562010966711,-0.167506223304914,0.985871018518206,0.957795008891507,0.287452119391243
2025-01-04T01:00+02:00[Asia/Jerusalem],3822112.5,0.965925826286829,-0.258819045110879,5.66325660285491,-0.185911607160168,0.982566473233808,0.957691858548434,0.287795594250583
2025-01-04T01:30+02:00[Asia/Jerusalem],3695043.333,0.991444861371387,-0.130526192238461,5.5639730827685,-0.204251981787592,0.978918345898084,0.957588585031865,0.288139032095046
2025-01-04T02:00+02:00[Asia/Jerusalem],3610703.333,1,-1.39308025871318E-11,5.50014769218657,-0.222520933954881,0.974927912182151,0.957485188355051,0.28848243288057
2025-01-04T02:30+02:00[Asia/Jerusalem],3615073.333,0.991444861373124,0.130526192225265,5.4466905861976,-0.240712075408189,0.970596567453585,0.957381668531289,0.288825796562989
2025-01-04T03:00+02:00[Asia/Jerusalem],3568361.667,0.965925826286507,0.258819045112079,6,-0.25881904510238,0.965925826289106,0.957278025573943,0.289169123097976
2025-01-04T03:30+02:00[Asia/Jerusalem],3529674.167,0.923879532511294,0.382683432365072,5.90000009536743,-0.276835511425346,0.960917321944956,0.957174259496295,0.28951241244154
2025-01-04T04:00+02:00[Asia/Jerusalem],3534480,0.86602540378213,0.500000000003999,5.80000016093254,-0.294755174412031,0.955572805785793,0.957070370311721,0.289855664549418
2025-01-04T04:30+02:00[Asia/Jerusalem],3553623.333,0.79335334029446,0.608761429004518,5.70624983310699,-0.312571767943938,0.949894146673407,0.956966358033552,0.290198879377572
2025-01-04T05:00+02:00[Asia/Jerusalem],3573351.667,0.707106781187015,0.70710678118608,5.70624983310699,-0.330279061954097,0.943883330308742,0.956862222675199,0.290542056881751
2025-01-04T05:30+02:00[Asia/Jerusalem],3589905,0.608761429017111,0.793353340284797,5.04196577736967,-0.347870864584785,0.937542458544163,0.95675796425002,0.290885197017926
2025-01-04T06:00+02:00[Asia/Jerusalem],3578988.333,0.500000000005143,0.866025403781469,4.86714073502145,-0.365341024366573,0.930873748644134,0.956653582771459,0.291228299741855
2025-01-04T06:30+02:00[Asia/Jerusalem],3552282.5,0.382683432379736,0.92387953250522,4.92335760760841,-0.382683432362517,0.923879532512352,0.956549078252907,0.291571365009518
2025-01-04T07:00+02:00[Asia/Jerusalem],3603327.5,0.258819045113355,0.965925826286165,5.41514031501276,-0.399892024317796,0.916562255870825,0.956444450707839,0.291914392776685
2025-01-04T07:30+02:00[Asia/Jerusalem],3724770.833,0.130526192212147,0.991444861374851,6.8619797203259,-0.416960782763308,0.908924477411303,0.956339700149661,0.292257382999398
2025-01-04T08:00+02:00[Asia/Jerusalem],3873768.333,1.94223151035946E-12,1,9.15625008940697,-0.43388373911684,0.900968867902765,0.956234826591895,0.292600335633382
2025-01-04T08:30+02:00[Asia/Jerusalem],3970635.833,-0.130526192222723,0.991444861373459,10.9437498450279,-0.450654975799825,0.892698209243672,0.956129830048031,0.292943250634527
2025-01-04T09:00+02:00[Asia/Jerusalem],4061895.833,-0.258819045095547,0.965925826290937,12.5437497496605,-0.467268628273529,0.884115393504363,0.956024710531538,0.293286127958839
2025-01-04T09:30+02:00[Asia/Jerusalem],4221527.5,-0.382683432362703,0.923879532512275,13.9000000357628,-0.483718887106281,0.875223421908178,0.955919468055971,0.293628967562109
2025-01-04T10:00+02:00[Asia/Jerusalem],4299551.667,-0.500000000001779,0.866025403783412,15.131249666214,-0.499999999998454,0.866025403785331,0.95581410263483,0.293971769400352
2025-01-04T10:30+02:00[Asia/Jerusalem],4371133.333,-0.608761429002484,0.793353340296021,16.0499997735024,-0.516106273806545,0.856524555478431,0.955708614281703,0.29431453342937
2025-01-04T11:00+02:00[Asia/Jerusalem],4299462.5,-0.707106781184268,0.707106781188827,16.837500333786,-0.532032076514947,0.846724199228529,0.955603003010121,0.294657259605186
2025-01-04T11:30+02:00[Asia/Jerusalem],4330964.167,-0.793353340283237,0.608761429019144,17.3500003814697,-0.547771839214997,0.836627762008302,0.955497268833703,0.294999947883613
2025-01-04T12:00+02:00[Asia/Jerusalem],4315119.167,-0.866025403780188,0.500000000007363,17.6937506198883,-0.56332005806133,0.826238774317557,0.955391411766013,0.295342598220684
2025-01-04T12:30+02:00[Asia/Jerusalem],4252773.333,-0.923879532504239,0.382683432382105,17.793749332428,-0.578671296178084,0.815560868960482,0.9552854318207,0.295685210572221
2025-01-04T13:00+02:00[Asia/Jerusalem],4288374.167,-0.965925826289268,0.258819045101775,17.7999992370605,-0.593820185575263,0.804597779765368,0.955179329011344,0.296027784894321
2025-01-04T13:30+02:00[Asia/Jerusalem],4427688.333,-0.991444861374517,0.130526192214689,17.793749332428,-0.608761429008097,0.793353340291714,0.955073103351642,0.296370321142762
2025-01-04T14:00+02:00[Asia/Jerusalem],4517474.167,-1,4.50557566195398E-12,17.5937502384186,-0.623489801858637,0.781831482468107,0.954966754855256,0.296712819273487
2025-01-04T14:30+02:00[Asia/Jerusalem],4520830,-0.991444861373793,-0.130526192220182,17.1999998092651,-0.638000153933423,0.770036235238919,0.954860283535831,0.297055279242556
2025-01-04T15:00+02:00[Asia/Jerusalem],4556900,-0.9659258262916,-0.258819045093071,16.7437499761581,-0.652287411276274,0.757971723147043,0.954753689407093,0.297397701005814
2025-01-04T15:30+02:00[Asia/Jerusalem],4670550,-0.923879532513256,-0.382683432360335,16.1499996781349,-0.666346577950681,0.745642164884348,0.95464697248272,0.297740084519329
2025-01-04T16:00+02:00[Asia/Jerusalem],4770567.5,-0.866025403791969,-0.499999999986957,15.4937499761581,-0.680172737770104,0.733051871830583,0.954540132776469,0.298082429738957
2025-01-04T16:30+02:00[Asia/Jerusalem],4950190,-0.793353340297581,-0.60876142900045,14.6999998688698,-0.693761056028218,0.720205246536439,0.954433170302049,0.298424736620777
2025-01-04T17:00+02:00[Asia/Jerusalem],5152862.5,-0.70710678120093,-0.707106781172165,14.0187500119209,-0.707106781184126,0.70710678118897,0.95432608507325,0.298767005120652
2025-01-04T17:30+02:00[Asia/Jerusalem],5421888.333,-0.608761429021178,-0.793353340281676,13.7437499761581,-0.72020524653421,0.693761056030531,0.954218877103811,0.299109235194672
2025-01-04T18:00+02:00[Asia/Jerusalem],5624153.333,-0.49999999999698,-0.866025403786182,13.456249833107,-0.733051871830872,0.680172737769792,0.954111546407538,0.299451426798766
2025-01-04T18:30+02:00[Asia/Jerusalem],5701819.167,-0.382683432357584,-0.923879532514396,13.2000002264977,-0.745642164884632,0.666346577950364,0.954004092998235,0.299793579888923
2025-01-04T19:00+02:00[Asia/Jerusalem],5679918.333,-0.258819045104251,-0.965925826288605,12.9000000953674,-0.757971723144947,0.652287411278709,0.953896516889738,0.300135694421082
2025-01-04T19:30+02:00[Asia/Jerusalem],5656838.333,-0.13052619221723,-0.991444861374182,12.5999999046326,-0.770036235239191,0.638000153933096,0.953788818095851,0.300477770351352
2025-01-04T20:00+02:00[Asia/Jerusalem],5602535,-7.0689198135485E-12,-1,12.2999997735024,-0.781831482468372,0.623489801858304,0.953680996630441,0.300819807635682
2025-01-04T20:30+02:00[Asia/Jerusalem],5526399.167,0.130526192217641,-0.991444861374128,12.1000003218651,-0.793353340289758,0.608761429010646,0.953573052507393,0.301161806230026
2025-01-04T21:00+02:00[Asia/Jerusalem],5417659.167,0.258819045090595,-0.965925826292264,12.0625001788139,-0.804597779765621,0.593820185574921,0.953464985740557,0.301503766090508
2025-01-04T21:30+02:00[Asia/Jerusalem],5290271.667,0.382683432357967,-0.923879532514237,12.25,-0.815560868958623,0.578671296180704,0.953356796343865,0.301845687173036
2025-01-04T22:00+02:00[Asia/Jerusalem],5158932.5,0.499999999984737,-0.866025403793251,12.3937496542931,-0.826238774315748,0.563320058063985,0.953248484331198,0.302187569433744
2025-01-04T22:30+02:00[Asia/Jerusalem],4958880.833,0.608761428998417,-0.793353340299142,12.3999996185303,-0.836627762004549,0.547771839220728,0.953140049716521,0.302529412828552
2025-01-04T23:00+02:00[Asia/Jerusalem],4792384.167,0.707106781190933,-0.707106781182163,12.4499998092651,-0.846724199228756,0.532032076514586,0.953031492513728,0.302871217313656
2025-01-04T23:30+02:00[Asia/Jerusalem],4508448.333,0.793353340297833,-0.608761429000122,12.6500001549721,-0.856524555478651,0.51610627380618,0.952922812736851,0.303212982844879
2025-01-05T00:00+02:00[Asia/Jerusalem],4307640.833,0.8660254037849,-0.4999999999992,14.0437501072884,-0.866025403783725,0.500000000001236,0.952814010399815,0.303554709378427
2025-01-05T00:30+02:00[Asia/Jerusalem],4046588.333,0.923879532513415,-0.382683432359953,13.9437498450279,-0.875223421908384,0.483718887105909,0.952705085516649,0.303896396870239
2025-01-05T01:00+02:00[Asia/Jerusalem],3860843.333,0.965925826287941,-0.258819045106727,13.5999999046326,-0.884115393504562,0.467268628273152,0.952596038101328,0.30423804527648
2025-01-05T01:30+02:00[Asia/Jerusalem],3701706,0.991444861373847,-0.130526192219771,13.2000002264977,-0.892698209243864,0.450654975799445,0.952486868167894,0.304579654553152
2025-01-05T02:00+02:00[Asia/Jerusalem],3582592.5,1,-9.63226396514302E-12,12.7375000119209,-0.900968867901371,0.433883739119734,0.952377575730404,0.304921224656267
2025-01-05T02:30+02:00[Asia/Jerusalem],3479058.333,0.991444861374462,0.130526192215099,12.0562497973442,-0.90892447741148,0.416960782762921,0.952268160802883,0.305262755542001
2025-01-05T03:00+02:00[Asia/Jerusalem],3454947.5,0.965925826292927,0.258819045088119,11.5124999880791,-0.91656225586954,0.399892024320741,0.952158623399435,0.30560424716632
2025-01-05T03:30+02:00[Asia/Jerusalem],3409020,0.923879532515218,0.382683432355599,11.25,-0.923879532511123,0.382683432365485,0.952048963534115,0.305945699485411
2025-01-05T04:00+02:00[Asia/Jerusalem],3458365.833,0.866025403794533,0.499999999982517,11.1062503457069,-0.930873748642961,0.365341024369563,0.951939181221061,0.306287112455251
2025-01-05T04:30+02:00[Asia/Jerusalem],3535282.5,0.793353340291843,0.608761429007928,11.0500001907349,-0.937542458544311,0.347870864584387,0.951829276474341,0.30662848603209
2025-01-05T05:00+02:00[Asia/Jerusalem],3686482.5,0.707106781183975,0.70710678118912,10.9937499761581,-0.943883330308882,0.330279061953695,0.951719249308161,0.306969820171807
2025-01-05T05:30+02:00[Asia/Jerusalem],3831132.5,0.6087614290137,0.793353340287414,10.8562499284744,-0.949894146672403,0.31257176794699,0.951609099736617,0.307311114830663
2025-01-05T06:00+02:00[Asia/Jerusalem],4108936.667,0.50000000000142,0.866025403783619,10.7437500357628,-0.955572805785918,0.294755174411625,0.951498827773913,0.307652369964654
2025-01-05T06:30+02:00[Asia/Jerusalem],4377659.167,0.382683432375765,0.923879532506865,10.5562501549721,-0.960917321945074,0.276835511424937,0.951388433434197,0.307993585529999
2025-01-05T07:00+02:00[Asia/Jerusalem],4648652.5,0.258819045109203,0.965925826287278,10.7187498211861,-0.965925826289216,0.258819045101969,0.951277916731701,0.308334761482703
2025-01-05T07:30+02:00[Asia/Jerusalem],4747347.5,0.130526192222313,0.991444861373513,11.4687498211861,-0.970596567452812,0.240712075411307,0.951167277680604,0.308675897778994
2025-01-05T08:00+02:00[Asia/Jerusalem],4784040,1.21956081167375E-11,1,12.7687500119209,-0.974927912181436,0.222520933958013,0.951056516295155,0.309016994374943
2025-01-05T08:30+02:00[Asia/Jerusalem],4917634.167,-0.130526192212558,0.991444861374797,14.6000003218651,-0.978918345897428,0.204251981790737,0.950945632589616,0.309358051226626
2025-01-05T09:00+02:00[Asia/Jerusalem],4914801.667,-0.258819045085643,0.965925826293591,16.4374998807907,-0.982566473233211,0.185911607163325,0.950834626578213,0.309699068290286
2025-01-05T09:30+02:00[Asia/Jerusalem],4828236.667,-0.382683432366675,0.92387953251063,18,-0.985871018518277,0.167506223304495,0.95072349827524,0.310040045522009
2025-01-05T10:00+02:00[Asia/Jerusalem],4775238.333,-0.500000000005501,0.866025403781262,19.3937504291534,-0.988830826225264,0.149042266175277,0.950612247694992,0.310380982877939
2025-01-05T10:30+02:00[Asia/Jerusalem],4752888.333,-0.608761429005894,0.793353340293404,20.543749332428,-0.991444861374015,0.130526192218495,0.950500874851793,0.310721880314175
2025-01-05T11:00+02:00[Asia/Jerusalem],4795426.667,-0.707106781187307,0.707106781185788,21.4374997615814,-0.993712209893085,0.111964476104705,0.950389379759933,0.311062737786978
2025-01-05T11:30+02:00[Asia/Jerusalem],4760936.667,-0.793353340285854,0.608761429015734,21.9937499761581,-0.995632078941064,0.0933636084536906,0.950277762433787,0.311403555252402
2025-01-05T12:00+02:00[Asia/Jerusalem],4802288.333,-0.866025403782337,0.50000000000364,22.3437495231628,-0.997203797181174,0.0747300935865048,0.950166022887675,0.311744332666721
2025-01-05T12:30+02:00[Asia/Jerusalem],4798753.333,-0.923879532505884,0.382683432378133,22.4937499761581,-0.998426815017849,0.056070447236611,0.950054161136004,0.312085069985996
2025-01-05T13:00+02:00[Asia/Jerusalem],4720078.333,-0.965925826286614,0.258819045111679,22.3874996900558,-0.999300704788309,0.0373911942787178,0.949942177193126,0.312425767166513
2025-01-05T13:30+02:00[Asia/Jerusalem],4705925,-0.991444861371279,0.130526192239282,21.9937499761581,-0.999825160912714,0.0186988664326334,0.949830071073461,0.312766424164399
2025-01-05T14:00+02:00[Asia/Jerusalem],4806602,-1,1.47589522683321E-11,21.4499998092651,-1,1.06899923630695E-12,0.949717842791445,0.313107040935786
2025-01-05T14:30+02:00[Asia/Jerusalem],4889940,-0.991444861373232,-0.130526192224444,20.8437502384186,-0.999825160912754,-0.0186988664304958,0.94960549236146,0.313447617437027
2025-01-05T15:00+02:00[Asia/Jerusalem],4901633.333,-0.965925826286722,-0.258819045111279,20.1499997377396,-0.999300704788389,-0.0373911942765813,0.949493019798027,0.313788153624104
2025-01-05T15:30+02:00[Asia/Jerusalem],4973570,-0.923879532511611,-0.382683432364306,19.3500003814697,-0.998426815017765,-0.0560704472381086,0.949380425115557,0.31412864945338
2025-01-05T16:00+02:00[Asia/Jerusalem],5100901.667,-0.866025403782544,-0.500000000003281,18.4437507390976,-0.997203797181062,-0.0747300935880006,0.949267708328568,0.314469104880954
2025-01-05T16:30+02:00[Asia/Jerusalem],5246701.667,-0.793353340294964,-0.608761429003861,17.4500007629395,-0.995632078941264,-0.093363608451562,0.949154869451521,0.314809519863148
2025-01-05T17:00+02:00[Asia/Jerusalem],5438805.833,-0.7071067811876,-0.707106781185495,16.5687502622604,-0.993712209893324,-0.11196447610258,0.949041908498965,0.315149894356069
2025-01-05T17:30+02:00[Asia/Jerusalem],5609621.667,-0.608761429017768,-0.793353340284293,16.0500001311302,-0.991444861373819,-0.130526192219982,0.948928825485393,0.31549022831605
2025-01-05T18:00+02:00[Asia/Jerusalem],5699379.167,-0.50000000000586,-0.866025403781055,15.5937498807907,-0.988830826225582,-0.149042266173163,0.948815620425383,0.31583052169921
2025-01-05T18:30+02:00[Asia/Jerusalem],5756910.833,-0.382683432380501,-0.923879532504903,15.1062499284744,-0.985871018518635,-0.167506223302387,0.948702293333461,0.31617077446189
2025-01-05T19:00+02:00[Asia/Jerusalem],5755412.5,-0.258819045114155,-0.965925826285951,14.7000002264976,-0.982566473233608,-0.185911607161224,0.948588844224238,0.31651098656022
2025-01-05T19:30+02:00[Asia/Jerusalem],5745867.5,-0.130526192241823,-0.991444861370944,14.2999997735024,-0.978918345897865,-0.204251981788644,0.948475273112269,0.316851157950553
2025-01-05T20:00+02:00[Asia/Jerusalem],5663256.667,-2.77038119155972E-12,-1,13.8499999046326,-0.974927912181912,-0.222520933955929,0.948361580012161,0.317191288589137
2025-01-05T20:30+02:00[Asia/Jerusalem],5585145,0.130526192221902,-0.991444861373567,13.3499999046326,-0.970596567453327,-0.240712075409232,0.948247764938591,0.317531378432064
2025-01-05T21:00+02:00[Asia/Jerusalem],5429161.667,0.258819045108803,-0.965925826287385,12.9000000953674,-0.965925826288828,-0.258819045103418,0.948133827906143,0.317871427435756
2025-01-05T21:30+02:00[Asia/Jerusalem],5262575.833,0.382683432361938,-0.923879532512592,12.5062500238419,-0.960917321945666,-0.276835511422883,0.948019768929507,0.318211435556369
2025-01-05T22:00+02:00[Asia/Jerusalem],5074577.5,0.500000000001062,-0.866025403783826,12.3062501549721,-0.955572805786549,-0.294755174409582,0.947905588023316,0.31855140275028
2025-01-05T22:30+02:00[Asia/Jerusalem],4932898.333,0.608761429001827,-0.793353340296525,12.3000001907349,-0.949894146673072,-0.312571767944959,0.947791285202293,0.318891328973659
2025-01-05T23:00+02:00[Asia/Jerusalem],4671610,0.707106781183682,-0.707106781189413,12.2437500357628,-0.943883330308387,-0.330279061955111,0.947676860481101,0.319231214182891
2025-01-05T23:30+02:00[Asia/Jerusalem],4378500,0.793353340282733,-0.608761429019801,12.0937501788139,-0.937542458545055,-0.347870864582382,0.947562313874495,0.319571058334156
2025-01-06T00:00+02:00[Asia/Jerusalem],4220351.667,0.866025403779774,-0.50000000000808,12.4000002741814,-0.930873748645071,-0.365341024364187,0.94744764539717,0.319910861383852
2025-01-06T00:30+02:00[Asia/Jerusalem],4011931.667,0.923879532503922,-0.38268343238287,12,-0.923879532511941,-0.38268343236351,0.94733285506391,0.320250623288168
2025-01-06T01:00+02:00[Asia/Jerusalem],3832671.667,0.965925826289054,-0.258819045102575,11.7187498211861,-0.916562255870395,-0.399892024318781,0.947217942889425,0.320590344003566
2025-01-06T01:30+02:00[Asia/Jerusalem],3687049.167,0.991444861374408,-0.13052619221551,11.9000000953674,-0.908924477412371,-0.416960782760978,0.947102908888549,0.320930023486193
2025-01-06T02:00+02:00[Asia/Jerusalem],3597817.5,1,-5.33372534315424E-12,12.087500333786,-0.900968867902299,-0.433883739117808,0.946987753076077,0.321269661692359
2025-01-06T02:30+02:00[Asia/Jerusalem],3521181.667,0.991444861373901,0.130526192219361,11.956249833107,-0.892698209243188,-0.450654975800784,0.946872475466783,0.32160925857849
2025-01-06T03:00+02:00[Asia/Jerusalem],3484804.167,0.965925826291815,0.258819045092271,11.8374999165535,-0.884115393505561,-0.467268628271262,0.94675707607553,0.321948814100802
2025-01-06T03:30+02:00[Asia/Jerusalem],3473448.333,0.923879532513573,0.38268343235957,11.5562501549721,-0.875223421909418,-0.483718887104038,0.946641554917124,0.32228832821573
2025-01-06T04:00+02:00[Asia/Jerusalem],3455095.833,0.866025403785107,0.499999999998842,11.2874997258186,-0.866025403784794,-0.499999999999384,0.946525912006458,0.3226278008795
2025-01-06T04:30+02:00[Asia/Jerusalem],3509936.667,0.793353340298085,0.608761428999793,10.8062497377396,-0.856524555477876,-0.516106273807465,0.946410147358371,0.322967232048558
2025-01-06T05:00+02:00[Asia/Jerusalem],3687740.833,0.707106781191225,0.70710678118187,10.3499999046326,-0.846724199229893,-0.532032076512776,0.946294260987787,0.32330662167914
2025-01-06T05:30+02:00[Asia/Jerusalem],3794042.5,0.608761429021835,0.793353340281172,9.43356508676996,-0.836627762007713,-0.547771839215896,0.946178252909574,0.323645969727704
2025-01-06T06:00+02:00[Asia/Jerusalem],4034028.333,0.499999999997698,0.866025403785768,9.13610821470087,-0.826238774314903,-0.563320058065224,0.946062123138653,0.323985276150605
2025-01-06T06:30+02:00[Asia/Jerusalem],4215388.333,0.382683432358349,0.923879532514079,8.96500092243203,-0.81556086895986,-0.57867129617896,0.945945871690016,0.32432454090404
2025-01-06T07:00+02:00[Asia/Jerusalem],4568966.667,0.258819045105051,0.96592582628839,9.18293134895905,-0.80459777976689,-0.593820185573201,0.945829498578557,0.324663763944538
2025-01-06T07:30+02:00[Asia/Jerusalem],4519769.167,0.130526192218051,0.991444861374074,10.7562499642372,-0.79335334029106,-0.608761429008949,0.945713003819283,0.32500294522836
2025-01-06T08:00+02:00[Asia/Jerusalem],4491131.667,7.89706949474876E-12,1,12.0062500238419,-0.781831482467437,-0.623489801859477,0.945596387427139,0.325342084711992
2025-01-06T08:30+02:00[Asia/Jerusalem],4494266.667,-0.130526192216819,0.991444861374236,13.293750166893,-0.770036235240555,-0.638000153931449,0.945479649417159,0.325681182351707
2025-01-06T09:00+02:00[Asia/Jerusalem],4493267.5,-0.258819045089795,0.965925826292478,14.4437498450279,-0.757971723146342,-0.652287411277088,0.945362789804323,0.326020238103999
2025-01-06T09:30+02:00[Asia/Jerusalem],4433985.833,-0.382683432357202,0.923879532514554,15.3937500715256,-0.745642164883632,-0.666346577951482,0.945245808603695,0.326359251925154
2025-01-06T10:00+02:00[Asia/Jerusalem],4402235.833,-0.499999999984019,0.866025403793665,16.1437497138977,-0.733051871829852,-0.680172737770892,0.945128705830286,0.326698223771676
2025-01-06T10:30+02:00[Asia/Jerusalem],4351016.667,-0.60876142899776,0.793353340299646,16.7437499761581,-0.720205246538217,-0.693761056026372,0.945011481499193,0.327037153599862
2025-01-06T11:00+02:00[Asia/Jerusalem],4318810,-0.707106781180057,0.707106781193038,17.206249833107,-0.70710678118821,-0.707106781184885,0.944894135625457,0.327376041366226
2025-01-06T11:30+02:00[Asia/Jerusalem],4265075.833,-0.793353340297329,0.608761429000779,17.6937497854233,-0.693761056027137,-0.720205246537479,0.944776668224187,0.327714887027131
2025-01-06T12:00+02:00[Asia/Jerusalem],4267864.167,-0.866025403784486,0.499999999999917,18.043750166893,-0.680172737771671,-0.733051871829129,0.944659079310492,0.328053690538994
2025-01-06T12:30+02:00[Asia/Jerusalem],4282680.833,-0.923879532513098,0.382683432360718,18.3000001907349,-0.666346577952275,-0.745642164882923,0.944541368899496,0.328392451858241
2025-01-06T13:00+02:00[Asia/Jerusalem],4338908.333,-0.965925826287727,0.258819045107527,18.543750166893,-0.652287411277894,-0.757971723145648,0.944423537006356,0.328731170941248
2025-01-06T13:30+02:00[Asia/Jerusalem],4419762.5,-0.991444861373739,0.130526192220592,18.6500005722046,-0.638000153932268,-0.770036235239876,0.944305583646191,0.329069847744558
2025-01-06T14:00+02:00[Asia/Jerusalem],4496188.333,-1,1.04604136463433E-11,18.6437505483627,-0.623489801860308,-0.781831482466774,0.944187508834208,0.329408482224506
2025-01-06T14:30+02:00[Asia/Jerusalem],4573958.333,-0.991444861374571,-0.130526192214278,18.4499998092651,-0.608761429009793,-0.793353340290412,0.944069312585556,0.329747074337644
2025-01-06T15:00+02:00[Asia/Jerusalem],4653572.5,-0.965925826293142,-0.258819045087319,18.1374996900558,-0.593820185574056,-0.804597779766259,0.943950994915474,0.330085624040318
2025-01-06T15:30+02:00[Asia/Jerusalem],4762622.5,-0.923879532515535,-0.382683432354833,17.543750166893,-0.578671296182795,-0.815560868957139,0.943832555839143,0.330424131289092
2025-01-06T16:00+02:00[Asia/Jerusalem],4851060,-0.866025403794947,-0.499999999981799,16.7437499761581,-0.563320058066103,-0.826238774314304,0.943713995371832,0.330762596040322
2025-01-06T16:30+02:00[Asia/Jerusalem],5030375.833,-0.793353340292348,-0.608761429007271,15.75,-0.547771839216785,-0.836627762007131,0.943595313528735,0.331101018250637
